term	frequency
define	869
of	651
meaning	555
in	499
to	407
mumbai	372
india	299
for	279
me	252
a	250
up	247
university	240
the	233
google	227
wake	225
current	224
location	216
ca	216
maharashtra	214
timesaverz	214
ms	209
at	208
cs	195
android	189
usa	185
and	167
m	160
irvine	158
on	155
computer	152
6	135
how	113
5	107
san	103
pune	101
nexus	101
windows	96
2014	96
uci	96
science	96
s	93
road	92
7	91
is	91
pdf	90
gpu	89
united	78
east	77
software	77
download	77
west	75
francisco	72
vision	71
sap	71
com	71
us	71
c	70
state	69
image	67
best	66
java	66
30	65
cnb	65
vs	65
california	65
ndtv	64
nagar	63
1	63
bandra	60
moto	59
st	59
park	59
powai	58
with	58
andheri	57
code	57
or	57
league	55
8	54
facebook	54
what	54
app	53
cloud	53
new	52
internship	52
from	51
matlab	50
online	50
rd	50
using	48
review	46
flipkart	46
ieee	45
news	45
time	45
man	45
x	45
center	45
open	44
amazon	44
real	44
free	43
tech	43
mobile	42
city	42
states	42
not	41
epub	40
2015	40
application	39
international	39
office	39
data	39
92612	39
startups	38
computing	37
check	37
t	37
manchester	37
standings	37
am	36
call	36
design	36
i	36
number	36
recipe	36
airtel	35
store	35
phone	35
obstacle	34
placements	34
arizona	34
technology	34
drive	34
detection	34
u	34
f	34
an	34
world	33
shetty	33
definition	33
2016	33
premier	33
wallpaper	32
goregaon	32
complex	32
price	32
hours	32
jobs	32
no	31
scholarship	31
book	31
top	31
learning	31
g	31
hd	30
admits	30
form	30
hill	30
2	30
architecture	30
view	30
dr	30
parkview	30
conferences	29
books	29
one	29
3	29
machine	29
images	28
masters	28
play	28
bus	28
watch	28
gre	27
star	27
bank	27
startup	27
companies	27
python	27
by	27
ln	27
2013	26
full	26
hp	26
college	26
kurla	26
avenue	26
glassdoor	26
programming	26
pratik	26
video	26
indian	26
careers	26
madrid	26
cuda	25
website	25
business	25
services	25
icici	25
score	25
estate	25
alarm	25
development	25
system	25
e	25
home	25
weather	25
beach	25
leh	24
illinois	24
wifi	24
72	24
diego	24
bristlecone	24
linkedin	24
example	24
can	24
3801	24
my	23
change	23
texas	23
19	23
logo	23
search	23
engineering	23
algorithms	23
you	23
processing	22
shivneri	22
studio	22
street	22
school	22
ave	22
north	22
day	22
does	22
himachal	21
pradesh	21
garmin	21
fall	21
based	21
wars	21
ibm	21
usc	21
valley	21
map	21
use	21
list	21
l	21
conference	21
partners	21
santa	21
internships	21
add	20
vivofit	20
activity	20
washington	20
game	20
wordpress	20
centre	20
xperia	20
medium	20
status	20
institute	20
set	20
elements	20
where	20
champions	20
magarpatta	19
fragment	19
interstellar	19
universities	19
kic	19
4	19
45	19
hotel	19
technologies	19
table	19
n	19
corporate	19
address	19
d	19
student	19
ranking	19
segmentation	18
technical	18
chapel	18
toefl	18
tuition	18
partner	18
pro	18
start	18
customer	18
macbook	18
minutes	18
carolina	18
link	18
movie	18
papers	18
big	18
file	18
cup	18
life	18
campus	18
cpu	17
parallel	17
laptop	17
ghatkopar	17
it	17
work	17
convert	17
microsoft	17
systems	17
leicester	17
near	17
mh370	16
berkeley	16
clients	16
austin	16
urbana	16
3g	16
clara	16
bangalore	16
web	16
tata	16
r	16
michelson	16
building	16
service	16
john	16
sort	16
be	16
water	16
problem	16
gmail	16
do	16
get	16
developer	16
udacity	16
2017	16
highlights	16
are	16
today	16
market	16
fastcv	15
bootstrap	15
diagram	15
laptops	15
champaign	15
install	15
eclipse	15
value	15
lenovo	15
sonawala	15
ltd	15
greece	15
wallpapers	15
card	15
broadband	15
stepanov	15
station	15
fort	15
helpline	15
off	15
trust	15
scholarships	15
airport	15
sports	15
iphone	15
p	15
your	15
plaza	15
tesla	15
good	15
von	15
karman	15
92606	15
live	15
paper	15
chelsea	15
lg	15
nvidia	14
robot	14
working	14
compiler	14
fitness	14
blog	14
screen	14
infotech	14
taskbob	14
sony	14
floor	14
industrial	14
www	14
hiranandani	14
apple	14
palo	14
alto	14
times	14
dell	14
students	14
buy	14
youtube	14
solutions	14
culver	14
test	14
house	14
ai	14
io	14
last	14
inbox	14
fp	14
templates	13
manali	13
nokia	13
maker	13
uncch	13
applications	13
mp3	13
parse	13
company	13
pvt	13
php	13
when	13
400063	13
track	13
graduate	13
chandivali	13
distance	13
tennis	13
gandhi	13
car	13
cafe	13
square	13
york	13
bom	13
find	13
lyrics	13
bar	13
line	13
between	13
cricket	13
half	13
barcelona	13
after	13
arsenal	13
js	13
court	13
places	13
mamdani	12
tempe	12
capgemini	12
without	12
flash	12
alphabet	12
django	12
industry	12
alternatives	12
marine	12
out	12
internet	12
fees	12
14	12
block	12
400051	12
20	12
b	12
colony	12
education	12
parkwest	12
westpark	12
orange	12
costa	12
mesa	12
point	12
golden	12
gate	12
head	12
project	12
song	12
club	12
node	12
space	12
maps	12
steve	12
mission	12
team	12
ste	12
string	12
ted	12
intel	12
as	12
whatsapp	12
summer	12
transfer	12
why	12
restaurants	12
kindle	11
fuzzy	11
adreno	11
nomura	11
acm	11
limited	11
swargate	11
hadapsar	11
grad	11
fitbit	11
viman	11
chico	11
imdb	11
paul	11
oneplus	11
that	11
color	11
flow	11
hibernate	11
marg	11
sky	11
reset	11
emulator	11
15	11
mahindra	11
verge	11
future	11
14th	11
send	11
visa	11
f1	11
karnataka	11
connect	11
account	11
profile	11
function	11
read	11
root	11
event	11
uber	11
adobe	11
health	11
fb	11
hour	11
career	11
v	11
pkwy	11
games	11
english	11
logical	10
paperwhite	10
avoidance	10
walking	10
jispa	10
zing	10
macromedia	10
png	10
aindra	10
cards	10
iris	10
magoosh	10
uiuc	10
carnegie	10
mellon	10
touchscreen	10
background	10
society	10
principle	10
running	10
jdk	10
kickass	10
cannot	10
clean	10
louis	10
313	10
programs	10
chicago	10
conversion	10
rajiv	10
watson	10
phones	10
course	10
mall	10
bkc	10
sethna	10
sna	10
9	10
foundation	10
housing	10
grid	10
faraday	10
show	10
chrome	10
net	10
array	10
algorithm	10
theory	10
management	10
10	10
first	10
kit	10
text	10
spectrum	10
walmart	10
age	10
difference	10
jose	10
nanodegree	10
el	10
handy	10
engineer	10
match	10
mac	10
dal	10
highway	10
newport	10
memory	9
reasoning	9
sachin	9
touch	9
blue	9
cmc	9
cv	9
sum	9
basis	9
fortune	9
cookie	9
frame	9
ind	9
ip	9
pc	9
external	9
stock	9
xml	9
create	9
command	9
southern	9
page	9
50	9
red	9
whether	9
path	9
interest	9
restarts	9
bobble	9
accelerated	9
high	9
under	9
hero	9
mykonos	9
iconect	9
many	9
area	9
prepaid	9
housejoy	9
tree	9
white	9
5141	9
dmv	9
login	9
id	9
tilak	9
csu	9
worli	9
turn	9
stars	9
shopping	9
92626	9
bakery	9
garden	9
bridge	9
polls	9
flight	9
impact	9
seattle	9
launch	9
sundar	9
pichai	9
security	9
analytics	9
ics	9
apps	9
capital	9
library	9
father	9
camera	9
curry	9
rate	9
great	9
year	9
alton	9
epl	9
who	9
chicken	9
html	9
all	9
numbers	9
veg	9
la	9
tiff	8
aggarwal	8
latest	8
stereo	8
320	8
tool	8
photoshop	8
vidyalankar	8
motorola	8
indus	8
withings	8
watches	8
associates	8
invite	8
haxm	8
german	8
xda	8
unc	8
band	8
labs	8
word	8
values	8
totem	8
rochester	8
kaspersky	8
intent	8
hanuman	8
maryland	8
midc	8
rates	8
devices	8
quotes	8
object	8
level	8
spectre	8
400053	8
general	8
raheja	8
los	8
sample	8
chat	8
name	8
thane	8
glass	8
delete	8
war	8
navigate	8
main	8
airways	8
de	8
password	8
dollar	8
build	8
battery	8
kc	8
program	8
through	8
same	8
musk	8
season	8
county	8
1387	8
94122	8
camino	8
presidential	8
years	8
server	8
hack	8
via	8
writing	8
research	8
w	8
did	8
github	8
job	8
theverge	8
certification	8
source	8
fc	8
pocket	8
juventus	8
mourinho	8
upcoming	8
11c3yptrz5	8
make	8
css	8
examples	8
huntington	8
food	8
graphic	7
optical	7
visually	7
impaired	7
large	7
comparison	7
themes	7
actionscript	7
detecting	7
circles	7
tutorial	7
tracker	7
nikola	7
shades	7
zs	7
grounds	7
georgia	7
access	7
bang	7
pipes	7
telnet	7
galaxy	7
rajeev	7
masand	7
webcam	7
plex	7
placement	7
network	7
response	7
into	7
dictionary	7
plus	7
listview	7
drawing	7
footer	7
orientation	7
history	7
uses	7
installed	7
sites	7
pictures	7
ebook	7
finance	7
plaid	7
funding	7
aldiko	7
nike	7
lines	7
anathema	7
bookmyshow	7
zomato	7
stormtrooper	7
percentage	7
tinyowl	7
gpa	7
things	7
developers	7
dallas	7
vihar	7
email	7
opp	7
write	7
could	7
platform	7
final	7
paytm	7
bombay	7
os	7
was	7
charger	7
silicon	7
200	7
columbia	7
contact	7
khar	7
holiday	7
commercial	7
400001	7
saki	7
naka	7
discount	7
ground	7
opposite	7
sakinaka	7
elon	7
94108	7
tryst	7
sheraton	7
twitter	7
topcoder	7
challenge	7
mind	7
digital	7
esri	7
credit	7
story	7
pattern	7
structure	7
o	7
17	7
football	7
liverpool	7
long	7
vanguard	7
bmw	7
baker	7
australia	7
we	7
resume	7
eggs	7
projects	7
next	7
go	7
stew	7
opencl	6
modern	6
approach	6
rs	6
textbox	6
gt	6
bitcoin	6
aerial	6
accomodation	6
keylong	6
bet	6
mp3skull	6
symbiosis	6
2d	6
ups	6
factor	6
gpus	6
activite	6
manratna	6
goo	6
performance	6
thesaurus	6
uic	6
excel	6
smartwatch	6
binarius	6
waste	6
nh10	6
prithvi	6
booking	6
away	6
available	6
media	6
modi	6
print	6
ucsd	6
gnu	6
visual	6
run	6
money	6
rand	6
insert	6
default	6
textview	6
myglamm	6
git	6
group	6
syracuse	6
permission	6
corporation	6
result	6
license	6
mamagoto	6
samsung	6
master	6
ets	6
fresno	6
usnews	6
innovative	6
wintech	6
engineers	6
lean	6
method	6
light	6
recycling	6
agent	6
better	6
than	6
bobblehead	6
circle	6
mini	6
scholar	6
400077	6
second	6
0	6
engine	6
trade	6
santacruz	6
solar	6
earphones	6
pin	6
error	6
3d	6
which	6
has	6
upenn	6
malad	6
music	6
airbnb	6
simple	6
recipes	6
failed	6
laguna	6
hills	6
lite	6
3883	6
british	6
lax	6
ok	6
oz	6
kala	6
ghoda	6
azad	6
mangaluru	6
batman	6
meet	6
care	6
mmrda	6
400050	6
player	6
autodesk	6
lotus	6
laxmi	6
edwards	6
3735	6
sanghvi	6
singh	6
zoo	6
metro	6
rent	6
325	6
sfo	6
portsmouth	6
garage	6
kearny	6
powell	6
ice	6
94102	6
hq	6
remove	6
logic	6
theme	6
uc	6
input	6
speed	6
non	6
case	6
pixel	6
configuration	6
92617	6
spring	6
analysis	6
south	6
lake	6
viejo	6
zotlink	6
back	6
hacker	6
merchandise	6
tottenham	6
people	6
monaco	6
fish	6
federer	6
shops	6
shut	6
coast	6
corona	6
del	6
choice	6
cycle	5
assumption	5
rfid	5
nerul	5
tpp	5
thakur	5
stateful	5
laserjet	5
chalisa	5
graphics	5
snapdragon	5
autonomous	5
robots	5
volume	5
haralick	5
div	5
g400s	5
sarchu	5
bluetooth	5
opencv	5
electoral	5
voters	5
ways	5
toolbox	5
fresher	5
binary	5
thickness	5
multiple	5
chembur	5
hermes	5
igyaan	5
plaintive	5
vikram	5
y	5
fuelband	5
parsi	5
panchayat	5
freshers	5
stand	5
satara	5
recharge	5
challenges	5
alternative	5
enigma	5
delloitte	5
smart	5
flex	5
budget	5
infosys	5
cnn	5
storm	5
piratebay	5
power	5
jvm	5
startactivity	5
levy	5
paragon	5
aboli	5
kite	5
decry	5
recognized	5
hana	5
names	5
stanford	5
blackberry	5
vivek	5
bands	5
ultron	5
reference	5
domain	5
16	5
genii	5
hyperlink	5
update	5
finish	5
button	5
version	5
cd	5
script	5
specific	5
kapadia	5
sangam	5
umd	5
reader	5
economic	5
intelligence	5
incumbent	5
bangladesh	5
smartphone	5
freecharge	5
upload	5
wes	5
motocorp	5
two	5
sdk	5
sea	5
synonyms	5
faculty	5
competition	5
material	5
masterchef	5
country	5
sensor	5
ad	5
vrissi	5
ali	5
newark	5
learn	5
messenger	5
employees	5
uefa	5
products	5
like	5
fd	5
soft	5
tower	5
sir	5
wadi	5
america	5
device	5
registration	5
25	5
heritage	5
extension	5
applied	5
farm	5
ml	5
linda	5
wells	5
fargo	5
document	5
ios	5
hdfc	5
plans	5
pali	5
18	5
stop	5
gym	5
hazarimal	5
somani	5
bill	5
trailer	5
used	5
400072	5
studies	5
fellowships	5
hospital	5
luna	5
have	5
92101	5
pizza	5
island	5
fox	5
clay	5
octavia	5
way	5
iit	5
movies	5
selection	5
training	5
slack	5
agency	5
branch	5
impute	5
sister	5
format	5
content	5
compare	5
graph	5
missionaries	5
cannibals	5
ceo	5
taylor	5
practice	5
api	5
black	5
tools	5
132	5
coffee	5
bayern	5
deep	5
h	5
atletico	5
canvas	5
palak	5
acero	5
well	5
barranca	5
air	5
hard	5
16555	5
germany	5
if	5
honda	5
utd	5
now	5
wikipedia	5
uk	5
mark	5
aloo	5
cmu	5
complete	5
nasdaq	5
everything	5
opening	5
winner	5
psg	5
co	5
force	5
92697	5
post	5
contacts	5
lane	5
yellow	5
mar	5
cycles	4
regional	4
srs	4
train	4
bottleneck	4
pci	4
measure	4
978	4
4244	4
4184	4
ninja	4
fis	4
isbn	4
checker	4
mathematically	4
s4	4
gemwatch	4
gurgaon	4
dry	4
pepakura	4
shared	4
mysql	4
acir	4
inference	4
eccv	4
journal	4
field	4
monocular	4
functions	4
runner	4
olympia	4
distributed	4
cars	4
zingzing	4
accommodation	4
speakers	4
sabin	4
layer	4
sprite	4
made	4
airline	4
chennai	4
n2	4
beckon	4
issn	4
settings	4
raksha	4
bandhan	4
converting	4
xiaomi	4
mh	4
grey	4
patrickshetty	4
elder	4
brother	4
younger	4
scenery	4
fault	4
our	4
obsequious	4
party	4
sesto	4
elemento	4
ratnakar	4
exchange	4
would	4
equipped	4
provide	4
computers	4
emphasize	4
lwp	4
univ	4
cornell	4
dj	4
sid	4
tution	4
ingram	4
micro	4
nolan	4
deepak	4
flip	4
ijert	4
koregaon	4
mohit	4
bbc	4
hunterz	4
energy	4
holi	4
enelek	4
dc	4
brain	4
aus	4
virtual	4
found	4
flyover	4
kandivali	4
load	4
shastri	4
sardonic	4
rain	4
piqued	4
machiavellian	4
moroney	4
shooter	4
global	4
consulting	4
cmd	4
internal	4
framework	4
kitkat	4
codeacademy	4
deccan	4
gymkhana	4
chaai	4
rejects	4
evaluation	4
graffiti	4
rankings	4
64	4
installation	4
gcc	4
2010	4
editors	4
jawbone	4
vadher	4
validity	4
birthday	4
vector	4
tutorials	4
lewis	4
philadelphia	4
russell	4
means	4
utc	4
brin	4
setting	4
broadcast	4
dynamic	4
packages	4
mulund	4
called	4
fixed	4
lte	4
directi	4
radiogroup	4
onclick	4
implement	4
programmatically	4
illustrator	4
inflate	4
context	4
town	4
vodafone	4
save	4
directory	4
atavist	4
feed	4
handyhome	4
florida	4
jabong	4
exe	4
element	4
custom	4
implicit	4
cost	4
sync	4
jelena	4
explicit	4
precipice	4
sell	4
laid	4
celebration	4
ohio	4
hot	4
larry	4
zigwheels	4
boston	4
nirlon	4
polymer	4
bobbleheads	4
usage	4
fiat	4
series	4
solace	4
bcone	4
zimmber	4
while	4
setup	4
gift	4
blocks	4
superman	4
aditya	4
valera	4
boambae	4
night	4
ruby	4
log	4
nishant	4
daenerys	4
targaryen	4
scores	4
goa	4
testing	4
courses	4
semtech	4
ithaka	4
heckyl	4
everyday	4
myntra	4
clerisy	4
j	4
cst	4
share	4
angeles	4
down	4
ag	4
sostis	4
manratan	4
spot	4
00	4
menu	4
athens	4
veer	4
flora	4
fountain	4
scottish	4
docs	4
barter	4
photos	4
sha	4
interface	4
making	4
tim	4
mic	4
robert	4
jabra	4
clear	4
bling	4
fire	4
31	4
iron	4
her	4
portable	4
art	4
healthcare	4
100	4
utopia	4
bread	4
captain	4
heresy	4
click	4
quail	4
als	4
travel	4
fast	4
site	4
nest	4
400052	4
prakash	4
mca	4
hangouts	4
eric	4
maidan	4
kankanady	4
mg	4
stadium	4
pakistan	4
rupee	4
400076	4
girgaon	4
monte	4
carlo	4
hubris	4
blast	4
hsbc	4
royal	4
study	4
djokovic	4
sweets	4
spices	4
638	4
tustin	4
92780	4
charles	4
offer	4
bit	4
euro	4
tis	4
this	4
old	4
military	4
corn	4
cream	4
9th	4
tea	4
fisherman	4
wharf	4
pant	4
temp	4
meal	4
local	4
forest	4
special	4
menlo	4
dead	4
american	4
jersey	4
recursion	4
merge	4
javascript	4
must	4
ae	4
hai	4
salon	4
synonym	4
fuel	4
cell	4
robotics	4
schnapp	4
gore	4
songs	4
networks	4
davis	4
eviction	4
integer	4
int	4
hash	4
order	4
pages	4
twilio	4
cyber	4
openings	4
social	4
language	4
daylight	4
quarter	4
nick	4
manager	4
bhindi	4
goal	4
26051	4
beans	4
sabzi	4
george	4
re	4
92618	4
inc	4
outlook	4
ronaldo	4
kerala	4
vegetable	4
environment	4
ganpati	4
excision	4
will	4
recruiters	4
universe	4
f8	4
position	4
retail	4
apache	4
stream	4
disseminate	4
range	4
pulao	4
vmware	4
interview	4
fixtures	4
founders	4
style	4
nadal	4
dunkirk	4
kohli	4
cab	4
see	4
wholesome	4
mithibai	3
fastrack	3
engineyard	3
zigbee	3
dependencies	3
yuml	3
om	3
palace	3
403	3
ambedkar	3
junction	3
nation	3
openstack	3
matunga	3
hungama	3
hierarchy	3
mathematical	3
representation	3
represent	3
naruto	3
shippuden	3
ultimate	3
combining	3
experimentation	3
multicore	3
arkham	3
smit7816	3
ktm	3
vjti	3
suite	3
rsa	3
reply	3
tendulkar	3
processor	3
besharam	3
ems2013	3
onshore	3
length	3
along	3
bumblebee	3
viewer	3
fin	3
stateless	3
jni	3
contest	3
localhost	3
phpmyadmin	3
m167n	3
persistent	3
heterogeneous	3
overlay	3
histogram	3
sight	3
lidar	3
navigation	3
terrain	3
obstacles	3
optimizing	3
mouse	3
waca	3
pradeep	3
meets	3
disability	3
recognition	3
cvpr	3
kernel	3
returning	3
garbage	3
smooth	3
htc	3
philips	3
aquatouch	3
digression	3
exposition	3
g400	3
sambar	3
freakonomics	3
factory	3
cs5	3
lahaul	3
heston	3
blumenthal	3
versova	3
pipe	3
fittings	3
valves	3
wadala	3
moving	3
spaceship	3
clemson	3
indicom	3
gold	3
kalyani	3
faster	3
clairvoyant	3
maitri	3
skoda	3
g2	3
cdac	3
finesse	3
phase	3
activu	3
insidious	3
avant	3
garde	3
mordant	3
atos	3
eremitic	3
contortion	3
ecards	3
steadfast	3
mundane	3
morose	3
metamorphosis	3
equation	3
superintelligence	3
novels	3
s5	3
kudos	3
transactions	3
lassitude	3
mi3	3
timex	3
gear	3
circular	3
foodspot	3
single	3
until	3
end	3
blase	3
cartoon	3
dolls	3
body	3
abstemious	3
apathy	3
socket	3
purgatory	3
opal	3
carpe	3
diem	3
generation	3
screens	3
ended	3
errors	3
prometric	3
degree	3
step	3
portals	3
esteemed	3
completion	3
absolutely	3
certain	3
ever	3
changing	3
grammar	3
wall	3
simply	3
ucsb	3
asu	3
ta	3
firms	3
logos	3
titan	3
tx	3
az	3
sql	3
il	3
obliterate	3
mars	3
spacex	3
pittsburgh	3
croma	3
ericsson	3
box	3
klouddata	3
netmagic	3
obtain	3
ntt	3
fun	3
renderscript	3
justdial	3
ragvilas	3
feet	3
methods	3
retailers	3
rules	3
uncc	3
mynthra	3
date	3
expedite	3
zero	3
medical	3
picture	3
sa	3
saree	3
inkmagazine	3
cochin	3
founder	3
ink	3
sapinfo	3
currently	3
ladakh	3
support	3
mode	3
model	3
jre	3
suburban	3
cumulative	3
try	3
delloite	3
specter	3
udyog	3
flint	3
wpi	3
utah	3
smu	3
oracle	3
penn	3
shell	3
semiotic	3
prometheus	3
mountain	3
despondent	3
ire	3
premonition	3
emcee	3
impetuous	3
decreed	3
salient	3
impish	3
vertical	3
attuned	3
stewardship	3
barca	3
automobile	3
abap	3
org	3
proxy	3
editorially	3
points	3
works	3
baug	3
double	3
username	3
edulix	3
vyas	3
zeal	3
deadline	3
fruit	3
loom	3
header	3
hello	3
supported	3
answer	3
signature	3
cardinal	3
inizio	3
brusque	3
think	3
fare	3
lock	3
jet	3
dissidents	3
editing	3
modicum	3
faux	3
crystal	3
conflagration	3
moot	3
dp	3
downloads	3
ordered	3
logistics	3
vet	3
madison	3
polemic	3
deposit	3
nameerror	3
defined	3
onerous	3
report	3
ready	3
fiduciary	3
radiobutton	3
views	3
icon	3
gaming	3
quotidian	3
scull	3
onsaveinstancestate	3
handling	3
bash	3
adding	3
container	3
files	3
deleted	3
conflux	3
startactivityforresult	3
action	3
androidmanifest	3
selling	3
ra	3
channel	3
lokhandwala	3
ann	3
arbor	3
michigan	3
toys	3
yoda	3
ijarse	3
sector	3
workplace	3
tiny	3
exotic	3
fusion	3
hyundai	3
silos	3
56	3
marol	3
icons	3
wallet	3
agarwal	3
bazaar	3
delhi	3
urbanclap	3
compatible	3
key	3
specs	3
replacement	3
database	3
women	3
t20	3
china	3
73	3
marketing	3
dubai	3
magic	3
ravi	3
raj	3
port	3
models	3
lower	3
panache	3
quote	3
heads	3
playing	3
brooch	3
charges	3
organizations	3
grade	3
sunder	3
assistance	3
jogging	3
chowpatty	3
letter	3
related	3
grades	3
atieva	3
unsplash	3
speaker	3
scanner	3
bajirao	3
calculator	3
400058	3
197	3
shanti	3
requirement	3
205	3
206	3
gelarte	3
hippie	3
monastiraki	3
london	3
zip	3
ucla	3
linking	3
chapter	3
section	3
rat	3
sheryl	3
sandberg	3
vitamin	3
users	3
practo	3
native	3
undergraduate	3
microprocessors	3
berners	3
lee	3
recommendation	3
process	3
coupondunia	3
breaking	3
printer	3
fake	3
earth	3
junior	3
postpaid	3
gates	3
dad	3
anand	3
eiffel	3
mummy	3
more	3
title	3
daman	3
se	3
mathuradas	3
vasanji	3
nair	3
admission	3
civil	3
ear	3
mi	3
resort	3
informatics	3
route	3
kg	3
lbs	3
allo	3
harvard	3
target	3
bulb	3
lumens	3
craigslist	3
cove	3
innovation	3
las	3
coterie	3
2300	3
tracking	3
loma	3
morse	3
pack	3
close	3
don	3
apgar	3
auto	3
canada	3
statement	3
plan	3
insurance	3
protect	3
bowl	3
jay	3
hike	3
want	3
apocryphal	3
accord	3
dena	3
fund	3
mirza	3
spicejet	3
jogeshwari	3
take	3
offline	3
12	3
400047	3
desai	3
shop	3
doolally	3
taproom	3
vn	3
task	3
mean	3
jamie	3
martial	3
central	3
compound	3
alumni	3
narotam	3
sekhsaria	3
programme	3
reliance	3
belgium	3
nougat	3
pay	3
winter	3
dystopian	3
mangalore	3
equal	3
manu	3
rishi	3
11	3
sixth	3
harbor	3
2920	3
recreation	3
28	3
733	3
lombard	3
hyde	3
ghirardelli	3
welcome	3
public	3
green	3
toh	3
ho	3
94301	3
gen	3
bbq	3
khan	3
banks	3
octa	3
trump	3
results	3
affect	3
beauty	3
spaces	3
complexity	3
sorting	3
bubble	3
dil	3
eee	3
edu	3
droid	3
apk	3
byte	3
posit	3
math	3
5x	3
al	3
friends	3
lucca	3
voice	3
sign	3
doctor	3
emc	3
karma	3
cox	3
fellowship	3
arista	3
aerserv	3
basics	3
david	3
steps	3
dfs	3
solution	3
cut	3
copy	3
positions	3
mary	3
shaw	3
makes	3
hadoop	3
500	3
ring	3
richard	3
foundations	3
ancillary	3
scm	3
washview	3
peltason	3
designing	3
jam	3
fa	3
draw	3
inf	3
amit	3
singhal	3
wickets	3
crisis	3
kapoor	3
loop	3
messi	3
teams	3
most	3
popular	3
92691	3
miller	3
scorer	3
amp	3
roshan	3
fry	3
register	3
unbeknownst	3
keep	3
egg	3
yard	3
620	3
untenable	3
express	3
ayala	3
press	3
tomato	3
mica	3
ahmedabad	3
33	3
117	3
cristiano	3
japan	3
talent	3
week	3
england	3
zuckerberg	3
holocaust	3
slow	3
attack	3
tweets	3
boiled	3
salary	3
hiring	3
colonoscopy	3
ham	3
tinder	3
vint	3
cerf	3
emre	3
winners	3
shutdown	3
050fh	3
dt	3
include	3
within	3
bofa	3
july	3
wimbledon	3
pacific	3
clemente	3
visit	3
fyjc	2
twilight	2
someone	2
yauatcha	2
yautcha	2
talaash	2
importance	2
contour	2
experience	2
fareen	2
xphone	2
attendance	2
uml	2
ptl	2
midnight	2
children	2
masm	2
lamborghini	2
reventon	2
vizualization	2
triangle	2
rasterization	2
plagiarism	2
hierrachy	2
debate	2
geforce	2
taxonomy	2
gpgpu	2
zoho	2
convolution	2
generations	2
princeton	2
homage	2
abe	2
abramov	2
kulvicius	2
worgotter	2
dellen	2
facing	2
challange	2
ati	2
wireless	2
u8500	2
assistive	2
fundamentals	2
structures	2
searching	2
sleek	2
aashiqui	2
ocjp	2
chand	2
certificates	2
origins	2
keegan	2
elitmus	2
hermann	2
rorschach	2
stuxnet	2
odi	2
enfield	2
continental	2
gpb	2
nacsha	2
assets	2
10662	2
vaqueros	2
alamitos	2
90720	2
1314	2
2001	2
700	2
20036	2
4928	2
madras	2
duke	2
390	2
msn	2
des	2
bbm	2
dhcp	2
cps	2
phailin	2
raise	2
rank	2
comments	2
simplecv	2
lnt	2
idp	2
220	2
fermi	2
displacement	2
frames	2
algo	2
gionee	2
elife	2
e6	2
coprocessors	2
directcompute	2
haryana	2
publications	2
ijoart	2
racetrack	2
encore	2
dbit	2
template	2
dextrin	2
construction	2
websites	2
jpg	2
sport	2
spots	2
safe	2
hashtag	2
exa	2
iconet	2
kura	2
lootera	2
sawar	2
loon	2
drama	2
queen	2
starch	2
semiconductor	2
gamirut	2
infinity	2
query	2
ibt	2
xampp	2
advances	2
computational	2
ams	2
kernels	2
comparing	2
estvi	2
journals	2
label	2
matlab2012	2
approaches	2
sas	2
negative	2
robust	2
odometry	2
consumer	2
curbs	2
walls	2
barriers	2
curvature	2
adaptive	2
homography	2
transportation	2
vehicle	2
toward	2
wayfinding	2
aid	2
blind	2
persons	2
unfamiliar	2
indoor	2
environments	2
low	2
efficiency	2
quinnox	2
pos	2
mousegetpos	2
notepad	2
vectorization	2
vectorizing	2
symposium	2
operating	2
sinha	2
2012	2
printers	2
2008	2
package	2
exploration	2
cane	2
motorsport	2
argument	2
wesley	2
shapiro	2
rhl	2
vlc	2
osd	2
invitation	2
ma	2
liquid	2
isle	2
chromebooks	2
belgian	2
players	2
mosaic	2
html5	2
france	2
coffitivity	2
m8	2
degradation	2
algeria	2
nse	2
reverse	2
pendulum	2
serve	2
seal	2
wildlife	2
brazil	2
bachelor	2
phd	2
happy	2
bootloop	2
tipping	2
gladwell	2
trekking	2
piketty	2
bp	2
hotels	2
fractal	2
ist	2
bst	2
darcha	2
jammu	2
kashmir	2
stay	2
spiti	2
cobra	2
920	2
solemate	2
bug	2
glacier	2
trek	2
zanskar	2
nubra	2
khardung	2
oliver	2
proof	2
lumia	2
ripped	2
joaquin	2
phoenix	2
sulzer	2
barc	2
audio	2
isaacson	2
planet	2
daniel	2
barkat	2
dargah	2
400037	2
wo	2
interaction	2
constraints	2
tts	2
deployment	2
sketch	2
tavisca	2
move	2
movieclip	2
actions	2
resize	2
missile	2
as2	2
sportscar	2
ui	2
hasee	2
phasee	2
sense	2
cs6	2
poster	2
battleship	2
dire	2
unlocked	2
bfsi	2
upside	2
mississippi	2
duplicate	2
concentric	2
detect	2
supercomputers	2
chevrolet	2
brokers	2
cachet	2
mindtree	2
fabia	2
rebut	2
categorical	2
2278	2
product	2
guest	2
nominal	2
loathsome	2
dropbox	2
sim	2
ciber	2
i20	2
super	2
titular	2
lard	2
patent	2
costive	2
excogitated	2
ecumenical	2
stygian	2
unctuous	2
sanctimonious	2
ululation	2
protoprint	2
apollonian	2
spartan	2
sangfrood	2
ara	2
dulcet	2
recant	2
maudlin	2
providential	2
probity	2
quixotic	2
ironclad	2
marathon	2
obloquy	2
auckland	2
obsequy	2
nugatory	2
neurology	2
necromancy	2
tedious	2
multifarious	2
multiphase	2
motley	2
mollify	2
meretricious	2
saurabh	2
dishes	2
911	2
musigma	2
dividing	2
both	2
sides	2
enormity	2
original	2
g3	2
roles	2
mncs	2
eaton	2
bile	2
irresolute	2
interactive	2
intimate	2
inter	2
bullet	2
expand	2
erotic	2
literature	2
ubuntu	2
04	2
purport	2
supplant	2
exacerbate	2
exhaustible	2
occult	2
plaintiff	2
quandary	2
panels	2
enquiry	2
imprecation	2
implication	2
hyperbole	2
homily	2
bristecone	2
golf	2
411	2
006	2
jquery	2
clusters	2
wwe	2
videos	2
gochi	2
trackers	2
superfluous	2
209	2
caotious	2
casio	2
simran	2
merittrac	2
improve	2
5c	2
cadge	2
avocation	2
astringent	2
glee	2
neeraj	2
kulkarni	2
abscond	2
ejabberd	2
built	2
activate	2
moodi	2
trove	2
hoot	2
codecademy	2
pk	2
private	2
unit	2
6th	2
techniplex	2
bldg	2
balwa	2
savarkar	2
400064	2
epistle	2
queues	2
supermarkets	2
increase	2
font	2
ibook	2
lit	2
manufacturing	2
salesforce	2
payout	2
locked	2
blocked	2
hence	2
pique	2
transport	2
computation	2
cypher	2
chaning	2
affecting	2
worth	2
forefront	2
pioneer	2
lorraine	2
upon	2
sop	2
began	2
studying	2
synopsis	2
rhombus	2
kill	2
easier	2
admit	2
barbara	2
ramchandani	2
divij	2
bhatia	2
ranked	2
reviews	2
acceptance	2
girl	2
gone	2
khau	2
galli	2
vallabh	2
bhag	2
eng	2
khashu	2
docomo	2
sale	2
baga	2
karabiner	2
depravity	2
nonchalant	2
mohiomap	2
pic	2
cipher	2
nc	2
champaigne	2
mail	2
expedient	2
wa	2
fulbright	2
nsf	2
rows	2
freeze	2
total	2
column	2
tv	2
tedtalks	2
over	2
practised	2
maldivika	2
cloudera	2
lemongrass	2
csc	2
akamai	2
tcs	2
hosting	2
itelligence	2
hacking	2
nttdata	2
yerawada	2
po	2
desktop	2
denied	2
defiance	2
haider	2
ibn	2
class	2
inline	2
ebooks	2
macabre	2
cdt	2
ide	2
picjumbo	2
stuck	2
communication	2
starting	2
compete	2
certificate	2
sweden	2
2000	2
together	2
icc	2
teradata	2
monster	2
misaim	2
folk	2
release	2
attribution	2
forlorn	2
gmat	2
kya	2
karein	2
siloed	2
links	2
iot	2
mofirst	2
purple	2
squirrel	2
orcilia	2
cryogenic	2
zim	2
draftin	2
saket	2
magazine	2
entrepreneur	2
ideas	2
munnar	2
manuscript	2
cain	2
closed	2
gdp	2
animate	2
geisha	2
orkut	2
networking	2
republic	2
shaukk	2
debug	2
perspective	2
websockets	2
isb	2
sergey	2
ddms	2
rote	2
sagar	2
rikame	2
random	2
springboard	2
i3	2
properly	2
need	2
deere	2
fine	2
droll	2
implementing	2
deloitte	2
emaciated	2
odious	2
showroom	2
cc	2
catharsis	2
inimical	2
gatech	2
ece	2
vanderbilt	2
affiliations	2
supreme	2
portal	2
apply	2
carbondale	2
reportage	2
traffic	2
scenario	2
vest	2
inquisition	2
connection	2
connecting	2
lan	2
intemperate	2
inflection	2
askance	2
01	2
lal	2
bahadur	2
400086	2
solicitous	2
cricbuzz	2
tex	2
opensap	2
facto	2
commune	2
genteel	2
ratify	2
stymied	2
deluded	2
pantheon	2
predictive	2
modeling	2
burbank	2
innuendo	2
retroactive	2
ornery	2
reconnaissance	2
amanpour	2
201104	2
867357	2
limit	2
edifice	2
polemics	2
poignant	2
enamored	2
demurral	2
ssr	2
nietzsche	2
insufferable	2
corral	2
devolution	2
simpatico	2
ensconced	2
gossamer	2
swap	2
james	2
callous	2
demurred	2
demure	2
tawate	2
help	2
storyboard	2
chutzpah	2
forgot	2
tuebl	2
temporary	2
admissions	2
starter	2
trello	2
oye	2
1st	2
owl	2
singapore	2
electrical	2
recruitment	2
matriculate	2
mayur	2
fergusson	2
411004	2
precision	2
digits	2
siddharth	2
disney	2
recruit	2
linked	2
type	2
introduction	2
invest	2
neu	2
divest	2
effective	2
coding	2
322	2
magicbricks	2
sem	2
edm	2
compilers	2
codeblocks	2
codelite	2
cygwin	2
bb10	2
ns	2
moh	2
mavericks	2
pickingo	2
roll	2
generator	2
gracious	2
chakala	2
400059	2
tumescent	2
publishing	2
blood	2
appellation	2
tsa	2
currency	2
baidu	2
indignant	2
pernicious	2
na	2
cold	2
cabal	2
consigliere	2
photo	2
editor	2
publish	2
protean	2
pas	2
insipid	2
cadre	2
exodus	2
te	2
noire	2
subpoena	2
putsch	2
peripatetic	2
peregrinations	2
mensa	2
lucre	2
napier	2
constant	2
truecaller	2
prosthesis	2
whilst	2
sushil	2
birla	2
hcl	2
emasculate	2
easel	2
alive	2
sure	2
receiver	2
calico	2
zeitgeist	2
employability	2
jared	2
k	2
aditi	2
susan	2
roadrunner	2
mithilesh	2
flagship	2
comers	2
income	2
tax	2
downloadertask	2
transfixed	2
inmobi	2
toefel	2
valid	2
plugin	2
academy	2
mongodb	2
cassandra	2
extracting	2
enter	2
jpmorgan	2
chase	2
befuddling	2
woo	2
4g	2
abomination	2
designer	2
thoughts	2
fecund	2
niffler	2
crow	2
monks	2
zaya	2
appetals	2
adaptor	2
item	2
request	2
adapter	2
enumeration	2
saavn	2
variable	2
footerview	2
vox	2
size	2
dialog	2
montessori	2
precociousness	2
eyes	2
courage	2
pane	2
changes	2
restore	2
such	2
lilliput	2
connected	2
nostrum	2
messages	2
haptik	2
comapnies	2
deadlines	2
coupan	2
methodist	2
bookmarks	2
gamine	2
creta	2
oil	2
michael	2
before	2
compress	2
filter	2
browser	2
http	2
jankovic	2
intractable	2
dec	2
retrieve	2
small	2
clark	2
egalitarian	2
feudalistan	2
intelligent	2
133	2
gazebo	2
verb	2
asalpha	2
marks	2
kashibai	2
cinema	2
oop	2
concepts	2
wheels	2
figurines	2
pen	2
blacklist	2
says	2
incomplete	2
hangout	2
mink	2
doing	2
yoga	2
bks	2
iyengar	2
supercomputer	2
chef	2
hola	2
department	2
virginia	2
putlocker	2
telerik	2
klutz	2
aquires	2
dean	2
hackathon	2
heroes	2
mango	2
papa	2
viraj	2
joshi	2
mcd	2
topline	2
indiana	2
little	2
rock	2
genesis	2
western	2
400069	2
tdr	2
butcher	2
genie	2
chart	2
periscope	2
luddite	2
dark	2
brightness	2
teach	2
korum	2
samata	2
400606	2
omid	2
kordestani	2
dog	2
reactor	2
brand	2
pnr	2
jessica	2
ewing	2
peruse	2
brendan	2
rodgers	2
batteries	2
dissent	2
lollipop	2
nosql	2
primordial	2
5th	2
kabaddi	2
semi	2
bvs	2
brussels	2
guess	2
already	2
tars	2
chief	2
91	2
intuitive	2
llp	2
ub	2
homejoy	2
avoid	2
betting	2
delight	2
surface	2
referral	2
dxb	2
ries	2
sand	2
entry	2
5000	2
september	2
ends	2
jacob	2
thrones	2
flowers	2
toy	2
surmise	2
parel	2
translate	2
jacket	2
argo	2
shot	2
crossroads	2
amrita	2
saransh	2
garg	2
localoye	2
aws	2
issue	2
camuto	2
just	2
cancel	2
village	2
duolingo	2
bollywood	2
gerua	2
foodtropis	2
apostate	2
discrete	2
enrol	2
doormint	2
jasapara	2
ranveer	2
nextev	2
tony	2
streaming	2
tensor	2
beget	2
pulse	2
documents	2
scanners	2
kidnap	2
mastani	2
asia	2
porsche	2
porche	2
calibrate	2
proximity	2
goes	2
ustraveldocs	2
sahayog	2
bhudargarh	2
jp	2
49	2
consulate	2
credits	2
i8	2
05	2
846	2
ph	2
longchamp	2
googol	2
appointment	2
greek	2
nariman	2
sm	2
peter	2
thiel	2
neo	2
rgit	2
jos	2
160	2
mytatasky	2
6a	2
jn	2
gimp	2
apis	2
snapchat	2
231	2
swami	2
vivekanand	2
notes	2
niki	2
duo	2
par	2
commencement	2
speech	2
vitara	2
brezza	2
52	2
let	2
deficiency	2
dakar	2
encryption	2
groups	2
leg	2
xerox	2
parc	2
wave	2
claude	2
shannon	2
downey	2
born	2
please	2
covers	2
melinda	2
humidity	2
akshay	2
nath	2
shahapur	2
rich	2
mega	2
400102	2
cover	2
restart	2
alex	2
satyanarayan	2
lunch	2
shubhash	2
sadan	2
aarey	2
batta	2
mandir	2
churi	2
silvassa	2
speak	2
wustl	2
sportsjig	2
174	2
pannalal	2
ghosh	2
somwari	2
bazar	2
schneiderlin	2
filmed	2
dream	2
silverador	2
warka	2
towers	2
utopian	2
vestigial	2
some	2
libertarian	2
epoch	2
rebecca	2
inexorable	2
pressure	2
cooker	2
3750	2
36	2
daiso	2
grand	2
670	2
calls	2
honeymee	2
toronto	2
ana	2
venmo	2
vegas	2
1gallon	2
details	2
13	2
boa	2
g202b	2
apartments	2
stem	2
roaming	2
withdraw	2
pf	2
sjc	2
luiz	2
mad	2
den	2
drexel	2
strike	2
apts	2
ucirvine	2
okr	2
mess	2
quora	2
torrents	2
inr	2
rose	2
le	2
union	2
wrightwood	2
comment	2
954441	2
medal	2
hindi	2
bopanna	2
063551	2
861666	2
madh	2
karmakar	2
courts	2
bail	2
bailly	2
esplanade	2
hutatma	2
chowk	2
verizon	2
scam	2
kadri	2
jazz	2
beside	2
canara	2
deepa	2
comforts	2
boloor	2
kodailbail	2
575003	2
timing	2
rio	2
sania	2
idea	2
pop	2
baggage	2
dortmund	2
character	2
35	2
door	2
restaurant	2
suresh	2
veera	2
ongc	2
bachelorr	2
nagin	2
mahal	2
gaylord	2
churchgate	2
400020	2
sion	2
847782	2
charni	2
maharshi	2
karve	2
400004	2
mcnroe	2
cornucopia	2
murray	2
lights	2
silverlight	2
showing	2
sun	2
menactra	2
vaccine	2
dattani	2
mehra	2
safed	2
pul	2
bharat	2
abroad	2
higher	2
academic	2
mahatma	2
hubert	2
humphrey	2
grants	2
joe	2
albertsons	2
4541	2
epi	2
denizens	2
highfalutin	2
roast	2
phogat	2
dominos	2
dominoes	2
closest	2
weight	2
bits	2
cook	2
pasta	2
ashlee	2
vance	2
won	2
stats	2
merchant	2
doubt	2
ruchi	2
sunderland	2
death	2
sunil	2
subhedar	2
doerr	2
skynet	2
postmates	2
exit	2
ikea	2
furnishings	2
1475	2
domino	2
21	2
fashion	2
southwest	2
fuh	2
recess	2
urban	2
470	2
94107	2
ron	2
sf	2
arizmendi	2
1331	2
sapiens	2
tum	2
aaye	2
short	2
museum	2
94105	2
japanese	2
75	2
hagiwara	2
pi	2
ferry	2
embarcadero	2
caltrain	2
94025	2
625	2
bora	2
nose	2
bleeding	2
motors	2
pm	2
temperature	2
thanksgiving	2
makins	2
palantir	2
rumors	2
hashing	2
election	2
shah	2
appearance	2
motor	2
kiribati	2
russia	2
dotcom	2
di	2
sentience	2
euler	2
dyadic	2
heap	2
insertion	2
know	2
mushkil	2
thailand	2
duration	2
bkk	2
hkt	2
usm	2
kbv	2
cnx	2
utp	2
hdy	2
uth	2
cei	2
kkc	2
opt	2
ftp	2
van	2
allow	2
israel	2
ecosystem	2
saggezza	2
asynctask	2
comes	2
petabyte	2
profound	2
hydrogen	2
dojo	2
events	2
cash	2
clickers	2
policy	2
jack	2
hidary	2
aspen	2
bhurji	2
gulabi	2
aankhen	2
jarvis	2
brown	2
enable	2
alpha	2
beta	2
locators	2
mu	2
sigma	2
ge	2
ford	2
cylance	2
cygolight	2
creaform	2
automotive	2
spray	2
memento	2
against	2
architect	2
numberformatexception	2
split	2
arraylist	2
leetcode	2
provider	2
locks	2
c2	2
bfs	2
depth	2
maximum	2
nodes	2
expanded	2
missionary	2
cannibal	2
tuple	2
puzzle	2
backtracking	2
leaning	2
intern	2
marissa	2
mayer	2
hive	2
pecuniary	2
matterhorn	2
physical	2
mvvp	2
parser	2
inner	2
perforce	2
binding	2
june	2
juno	2
heretical	2
adt	2
501	2
romelu	2
lukaku	2
talks	2
kuldeep	2
yadav	2
dalai	2
lama	2
australian	2
interfaces	2
podcasts	2
bayer	2
mixpanel	2
saving	2
finals	2
habit	2
burger	2
rostov	2
spilt	2
spilled	2
son	2
schedule	2
masala	2
peet	2
4213	2
citadel	2
lukas	2
podolski	2
mario	2
chamberlain	2
highest	2
techlab	2
strategies	2
bitbucket	2
ed	2
subpoenaed	2
reading	2
islice	2
reminders	2
reminder	2
amok	2
martin	2
king	2
brackets	2
crm	2
hrithik	2
decried	2
tips	2
driving	2
h1b	2
schadenfreude	2
bel	2
ff91	2
meridian	2
roadster	2
boondoggle	2
decrees	2
laissez	2
faire	2
oregon	2
bad	2
fridge	2
noodle	2
chile	2
soccer	2
solstice	2
calendar	2
diffbot	2
clips	2
langson	2
pilot	2
ibrahimovic	2
got	2
per	2
paris	2
gilbert	2
biryani	2
berlin	2
priyanka	2
kx	2
gin	2
guys	2
mo	2
look	2
tsla	2
lord	2
perfectly	2
girlfriend	2
max	2
nyu	2
harry	2
much	2
commons	2
eucalyptus	2
nanodegrees	2
president	2
mother	2
ajax	2
polyp	2
middlesbrough	2
totalsportek	2
hart	2
ranbir	2
gravy	2
celta	2
vigo	2
thales	2
rover	2
marie	2
rice	2
grill	2
marinade	2
win	2
ducks	2
snap	2
garcia	2
coconut	2
matches	2
liga	2
dhaba	2
tadka	2
d3	2
4th	2
rava	2
visualization	2
hall	2
pho	2
tastee	2
taxi	2
parking	2
nearby	2
timings	2
mtnl	1
sant	1
claus	1
logitech	1
fasttrack	1
2011	1
c5	1
c3	1
cure	1
syndrome	1
potter	1
deathly	1
hallows	1
dawn	1
khaled	1
hosseini	1
chetan	1
bhagat	1
mctrgit	1
sensation	1
w3schools	1
thank	1
spanish	1
novotel	1
juhu	1
chm	1
headset	1
smartheadset	1
spongebob	1
pictuers	1
tablets	1
songspk	1
quadrangle	1
cases	1
kalasipalyam	1
37	1
kasavanahalli	1
carmalram	1
sarjapura	1
hosa	1
amritapuri	1
moscow	1
robosoft	1
eer	1
reservation	1
dirty	1
stories	1
capita	1
availability	1
swing	1
deception	1
fortress	1
avid	1
grayscale	1
greyscale	1
tumours	1
imaging	1
wavelet	1
compression	1
candies	1
ambivert	1
fruitful	1
chance	1
shaikh	1
direci	1
mainframe	1
isec	1
quantum	1
stat	1
doctors	1
saas	1
tgmc	1
submission	1
rfis	1
schema	1
extensive	1
monitoring	1
rational	1
syntax	1
diagrams	1
mdl	1
wca	1
participate	1
delivers	1
babies	1
proficient	1
gatsby	1
aptitude	1
zx	1
saunter	1
snoopies	1
barbeque	1
instructions	1
dosbox	1
opennebula	1
z	1
ssl	1
secure	1
writer	1
veermata	1
jijabai	1
technological	1
nathalal	1
parekh	1
friend	1
catroid	1
scratch	1
est	1
calling	1
disabled	1
humanitarian	1
cia	1
szeliski	1
menopause	1
coarse	1
grained	1
parallelism	1
kernal	1
switching	1
die	1
sulia	1
wednesday	1
presentation	1
supply	1
chain	1
mitx	1
civilization	1
igate	1
timetable	1
mindicator	1
luxury	1
turbo	1
knight	1
rises	1
animation	1
anmimation	1
colourful	1
writecheck	1
ithenticate	1
submitted	1
intimation	1
turnit	1
plagarism	1
accelerators	1
2007	1
nao	1
sibgrapi	1
reduction	1
sweeps	1
processors	1
miroslav	1
mint	1
accelerating	1
matrix	1
calculations	1
utilizing	1
agneepath	1
shree	1
ganesha	1
bappa	1
morya	1
grail	1
365	1
grpahic	1
gradient	1
because	1
directly	1
editable	1
blend	1
layers	1
640m	1
700m	1
420m	1
bugs	1
regarding	1
reported	1
pipelines	1
cores	1
encipher	1
decipher	1
parallelization	1
mydrive	1
tif	1
reporting	1
bluestacks	1
resident	1
alien	1
burst	1
ultim	1
ate	1
beer	1
shampoo	1
ny	1
wisconsin	1
wi	1
newkia	1
nj	1
dentist	1
ecosport	1
webcl	1
zhuge	1
cao	1
udupa	1
annual	1
medicine	1
biology	1
2009	1
voxel	1
nissan	1
terrano	1
eyantra	1
honeycomb	1
froyo	1
rootbeer	1
seamlessly	1
camcard	1
blutooth	1
fcm	1
laxative	1
nova	1
thor	1
dimsums	1
ship	1
theseus	1
icpc	1
petersburg	1
dumps	1
wheelchairs	1
argus	1
rohan	1
racing	1
strip	1
cnc	1
lifeline	1
interior	1
exams	1
dow	1
jones	1
awards	1
michelin	1
treehouse	1
shaolin	1
nitrogen	1
hyperspectral	1
601	1
61820	1
hose	1
waterfront	1
quick	1
shift	1
dtabase	1
mitsubishi	1
pajero	1
spcom2014	1
being	1
paparallel	1
macmerize	1
essays	1
doleful	1
nasscom	1
selitmus	1
vizury	1
vishy	1
magnus	1
carlsen	1
seed	1
brisket	1
brad	1
pitt	1
kaplan	1
sua	1
isspit2013	1
ctc	1
extjs	1
jbpm	1
goldman	1
sachs	1
superannuation	1
raman	1
p780	1
isro	1
mangalayan	1
mangalam	1
spicejetpnr	1
berl	1
horse	1
sc14	1
storage	1
mobiwik	1
krrish	1
segementation	1
cranfield	1
nepra	1
bounty	1
itm	1
23a	1
codechef	1
sigbed	1
sigmod	1
sigaccess	1
edas	1
similarity	1
walcom	1
spcom	1
ccgrid	1
vts	1
sose	1
ssiai	1
wacv	1
ispass	1
publisging	1
callforpapers	1
economy	1
scara	1
diffie	1
hellman	1
aes	1
masquerading	1
shimla	1
10384	1
77	1
140964	1
iias	1
captcha	1
spie	1
ray	1
revolution	1
transform	1
ibooks	1
ipad	1
anywhere	1
monorail	1
patw	1
kindlepaperwhite	1
functionality	1
compatibility	1
deactivate	1
queue	1
methodology	1
gecos	1
dwm	1
ecnr	1
passport	1
worldwide	1
syntel	1
620m	1
algos	1
documnetation	1
lushstories	1
incentivises	1
montreal	1
wristband	1
strata	1
bryant	1
stratton	1
appup	1
eye	1
concept	1
begin	1
shackle	1
collection	1
backgrounds	1
favicon	1
gemstone	1
gravity	1
porshe	1
cayman	1
genpact	1
governer	1
rbi	1
manmohan	1
doctorate	1
bonfring	1
podium	1
landscape	1
zoomed	1
munich	1
rangerover	1
augmented	1
reality	1
abacus	1
maths	1
sydenham	1
synderham	1
muticon	1
govt	1
glt	1
seo	1
deepmind	1
corporatehtml5	1
srg	1
intercore	1
imagesbazaar	1
pumps	1
ikreattive	1
ikreative	1
dymanic	1
wintechengineers	1
drupal	1
impala	1
siemens	1
citizens	1
pothole	1
plastic	1
dreamweaver	1
ether	1
remain	1
relevant	1
sustain	1
thumb	1
twitching	1
mokihinui	1
river	1
presence	1
malls	1
subplot	1
concrete	1
indies	1
gobsmacked	1
overclocking	1
stiga	1
sedro	1
thoughtworks	1
roms	1
explorer	1
rooting	1
transforms	1
plane	1
outdoor	1
outdoors	1
graphical	1
321	1
collegeiconet	1
penis	1
doqwnload	1
netcore	1
hardware	1
rhc	1
a2	1
operation	1
malaysian	1
crash	1
jellybean	1
protocol	1
protocols	1
dll	1
freescale	1
gap	1
memcache	1
cms	1
1966	1
sass	1
zend	1
jsf	1
cet	1
gamirasu	1
cave	1
morocco	1
mindspace	1
acropetal	1
buttonclick	1
redirect	1
spectra	1
fetch	1
isset	1
mfp	1
m176n	1
2545	1
crossdomain	1
bingwap	1
hspa	1
extreme	1
libero	1
tec	1
trends	1
proceedings	1
igi	1
techshare	1
chromebook	1
venom	1
bro	1
sweeney	1
todd	1
dumb	1
charades	1
ijca	1
banker	1
octrees	1
clouds	1
borenstein	1
member	1
koren	1
workshop	1
environmental	1
sensing	1
impairment	1
automation	1
si	1
transaction	1
springer	1
verlag	1
axes	1
kepler	1
smartphones	1
pseudo	1
qdn	1
showcase	1
ionroad	1
buffer	1
lag	1
break	1
stdfilt	1
overview	1
gpucv	1
pixels	1
tal	1
impending	1
playboy	1
mansion	1
sunny	1
leone	1
hotmail	1
inglourious	1
basterds	1
slave	1
gerard	1
medioni	1
weiland	1
battling	1
imporoving	1
optimization	1
vectorize	1
inbuilt	1
autoit	1
scripts	1
macros	1
documentation	1
logging	1
coordinates	1
coordinate	1
rom	1
hpdc	1
23rd	1
interpretation	1
spings	1
boats	1
superimpose	1
self	1
profiler	1
const	1
graham	1
pullin	1
torrent	1
sp1	1
redistributable	1
x64	1
mex	1
datatype	1
matlab2013a	1
yuan	1
manduchi	1
proc	1
2005	1
aquisition	1
2013a	1
forum	1
passing	1
nvcc	1
devicequery	1
executable	1
gpuocelot	1
hamlet	1
rishika	1
poddar	1
addison	1
allison	1
computter	1
ircraet	1
iceret	1
march	1
icceret	1
coinbase	1
rhlvision	1
ionlabs	1
esko	1
mkv	1
matroska	1
soatto	1
kosetska	1
sastry	1
2004	1
travisca	1
maroon	1
superimposing	1
projection	1
texture	1
roads	1
kilimanjaro	1
huracan	1
nigeria	1
fastidious	1
neymar	1
goals	1
iraq	1
offers	1
tsunami	1
lilavati	1
orchids	1
consecutive	1
finding	1
magazines	1
designs	1
cavalier	1
qawwali	1
malign	1
ominous	1
prevalent	1
permanent	1
height	1
69	1
inches	1
brash	1
round	1
float	1
continue	1
operations	1
netherlands	1
pycuda	1
backwards	1
qualcomm	1
pebble	1
fifa	1
meetup	1
dd	1
switzerland	1
honduras	1
ecuador	1
greater	1
families	1
bring	1
below	1
other	1
rhetorical	1
georgoa	1
national	1
idiots	1
jbl	1
mexico	1
inside	1
ecstacy	1
digestion	1
aggression	1
octapus	1
pollution	1
iksula	1
softwares	1
charlotte	1
59	1
383636	1
vostro	1
3000	1
versions	1
responsive	1
carroll	1
fancy	1
iggy	1
azalea	1
eagle	1
animal	1
kingfisher	1
tiger	1
frog	1
peacock	1
giraffe	1
koala	1
bears	1
cool	1
crotia	1
scoreline	1
nerf	1
gun	1
paragoan	1
worle	1
pandurang	1
budhkar	1
patagonia	1
102	1
md	1
role	1
normura	1
vineyard	1
hide	1
cords	1
mounted	1
bpharm	1
beef	1
fix	1
recovery	1
turning	1
ringtone	1
jishnu	1
cocubes	1
malcolm	1
goodreads	1
naukri	1
collage	1
rajmachi	1
trips	1
scrapbook	1
stupidsid	1
thomas	1
twenty	1
century	1
periodic	1
td	1
contents	1
swearing	1
ceremony	1
cottages	1
easygotrip	1
foxymoron	1
germin8	1
aureus	1
kuler	1
lakhs	1
idia	1
coolmax	1
shirts	1
liveyoursport	1
racquets	1
mcgm	1
livestream	1
smudge	1
blurring	1
removing	1
locator	1
greenland	1
shingo	1
tariff	1
kullu	1
zingzingbar	1
hwy	1
175132	1
preparing	1
tomatoes	1
omelette	1
bhuvaneshwar	1
kumar	1
glen	1
maxwell	1
driver	1
soundmagic	1
sales	1
sprint	1
radioshack	1
820	1
1320	1
beat	1
headphones	1
locha	1
ulfat	1
exercises	1
craig	1
workout	1
whiten	1
teeth	1
bowling	1
dale	1
steyn	1
doodlebug	1
following	1
mat2gray	1
runout	1
dial	1
heartbleed	1
cccleaner	1
kart	1
kbhit	1
dev	1
siachen	1
fixator	1
pot	1
pascale	1
bjp	1
candidate	1
marathi	1
1020	1
naman	1
apartment	1
dadabhai	1
tepgaon	1
frittata	1
nda	1
upa	1
naseem	1
blogging	1
reach	1
leachate	1
cortana	1
component	1
mrpl	1
valve	1
pencil	1
banner	1
transparent	1
quest	1
yergin	1
maharahtra	1
400	1
072	1
hen	1
xinggan	1
zhidao	1
nee	1
chinese	1
description	1
timeline	1
specifications	1
samsunggalaxy	1
autoscript	1
clip	1
enemy	1
shuttle	1
as3	1
loaded	1
hovercraft	1
applying	1
minority	1
tour	1
pickings	1
followers	1
trial	1
crack	1
vlive	1
goibibo	1
timber	1
pitbull	1
srilanka	1
westindies	1
solarcity	1
aishwarya	1
mygov	1
cities	1
usnewsranking	1
hilmar	1
slovakia	1
maersk	1
disquiet	1
wont	1
townsquare	1
maida	1
x2	1
abb	1
micromax	1
a1	1
batmobile	1
bell	1
curve	1
appraises	1
iwatch	1
rings	1
law	1
dissident	1
smut	1
purveyor	1
cargo	1
spur	1
metamorphosized	1
amyotrophic	1
lateral	1
sclerosis	1
konark	1
mhada	1
patrick	1
survey	1
lunkad	1
411014	1
homes	1
olx	1
vassal	1
feudal	1
defer	1
different	1
radii	1
compute	1
rectangle	1
less	1
riemann	1
rectangles	1
bluej	1
decapitate	1
finalise	1
jan	1
dhan	1
yojna	1
sulekha	1
asklaila	1
llc	1
drudgery	1
purav	1
basant	1
400071	1
talented	1
ticket	1
msrtc	1
goliath	1
subtitles	1
soda	1
feckless	1
enormous	1
quaint	1
peremptory	1
fetid	1
impressed	1
solicit	1
solemnity	1
remarkable	1
putative	1
incomprehensible	1
dismay	1
flabbergasted	1
partisan	1
glossed	1
edit	1
beginners	1
proff	1
getcited	1
9936	1
0181	1
obtaining	1
mozilla	1
sharing	1
thrive	1
satyam	1
roxio	1
creator	1
roxwatch	1
tray	1
obtuse	1
toupee	1
allude	1
elliptical	1
conjugate	1
flagrant	1
sonorous	1
travail	1
530	1
mowry	1
pca	1
aq	1
callow	1
despair	1
octave	1
slob	1
effable	1
disinterested	1
jfk	1
recanted	1
eons	1
visions	1
sniveling	1
labview	1
mtree	1
flout	1
blanant	1
tydy	1
hi	1
sodomising	1
complaints	1
accounts	1
earlier	1
apn	1
ezra	1
budapest	1
rise	1
prize	1
relationship	1
religare	1
laboratories	1
nebulous	1
impugn	1
botched	1
fissile	1
sequelae	1
balkanized	1
modishness	1
rend	1
asservation	1
albatross	1
ballast	1
contrapuntal	1
parables	1
fibs	1
cads	1
flukes	1
dirges	1
floes	1
picayune	1
dotage	1
hermenuetic	1
allegorical	1
perquisite	1
encumbrance	1
aleatory	1
mutiny	1
grizzled	1
vitreous	1
lummox	1
plutocracy	1
gleaned	1
fascism	1
pontification	1
groaning	1
seething	1
churchy	1
plagent	1
indelicate	1
agog	1
boosterism	1
sophistry	1
sacrilege	1
desecration	1
solipsistic	1
cahoots	1
whet	1
deft	1
auxiliary	1
dionysian	1
proto	1
isl	1
plaudits	1
novacom	1
acuity	1
implementation	1
storied	1
penumbra	1
squalid	1
hinterland	1
arcadian	1
perseid	1
meteor	1
shower	1
irate	1
stopgap	1
desultory	1
tirpitude	1
oligarchy	1
piteously	1
apposed	1
aplomb	1
tarried	1
careened	1
trundled	1
feat	1
parlous	1
ducet	1
obloquies	1
excoriate	1
variegated	1
gjnger	1
hysterical	1
risible	1
desuetude	1
peccadilloes	1
complaisant	1
forswear	1
sentries	1
chary	1
consanguineous	1
presage	1
inform	1
utilitarians	1
quagmire	1
amortize	1
effusive	1
coda	1
rath	1
vicissitude	1
sidereal	1
splendid	1
cornerstone	1
touchstone	1
earnest	1
weekend	1
hallmark	1
rakshabandhan	1
greetings	1
locations	1
praxis	1
seepz	1
disquieted	1
virtue	1
arrant	1
imbue	1
matriculation	1
opprobrium	1
promulgate	1
orifice	1
etiolated	1
retrograde	1
officious	1
auspicious	1
odyssey	1
occlude	1
accrued	1
obdurate	1
ob	1
rait	1
nonplussed	1
neophyte	1
fight	1
neologism	1
geology	1
monday	1
multi	1
cantankerous	1
propitious	1
precipitous	1
mnemonic	1
miscreant	1
minatory	1
microcosm	1
mettle	1
meterological	1
metaphysics	1
mesmerize	1
mendicant	1
menagerie	1
maverick	1
malleable	1
rigueur	1
surplus	1
surreptitous	1
furtive	1
fugitive	1
stolid	1
subsist	1
modakam	1
pubmatic	1
amadeus	1
term	1
101	1
trillion	1
exult	1
exalted	1
bostram	1
fictional	1
lye	1
cagey	1
verdant	1
appendage	1
prefecture	1
prefix	1
striations	1
panopoly	1
monopoly	1
proponent	1
proppant	1
ephemeral	1
anomaly	1
kabam	1
cube	1
26	1
formula	1
kensington	1
rear	1
gardens	1
inida	1
surds	1
indices	1
levee	1
latent	1
lambaste	1
labile	1
prestige	1
gonor	1
junta	1
juggernaut	1
torn	1
timorous	1
hedonism	1
bellicose	1
ordinary	1
germane	1
jibe	1
jaiib	1
itinerant	1
around	1
resolute	1
invidious	1
inveigle	1
inveigh	1
invective	1
inured	1
nude	1
intransigence	1
transit	1
jeans	1
interregnum	1
exam	1
indirect	1
interpolate	1
internecine	1
interdict	1
intangible	1
insuperable	1
insularity	1
insouciant	1
suave	1
swag	1
suav	1
alarming	1
cusp	1
fortitude	1
expound	1
perspicuity	1
posthumous	1
glutton	1
accoutrement	1
salvo	1
slight	1
indubitable	1
bootable	1
tenable	1
darwin	1
freedonia	1
laurels	1
accomplish	1
pillory	1
convoluted	1
appalling	1
refute	1
parley	1
unprecedented	1
infinitum	1
sentence	1
exorae	1
concoctoccult	1
concoct	1
parsimonious	1
novel	1
acquired	1
dissension	1
foster	1
afflict	1
africa	1
lic	1
diminish	1
cry	1
exterior	1
buildings	1
cosseted	1
arrogate	1
aggregate	1
inertia	1
inert	1
ineluctable	1
cable	1
insolent	1
incursion	1
collagen	1
incongruous	1
inchoate	1
impregnated	1
imperial	1
keshavan	1
implode	1
implausible	1
impinge	1
impecunious	1
unius	1
mcq	1
impassive	1
basu	1
imbroglio	1
homeostasis	1
histrionics	1
hirsute	1
hircute	1
hieroglyphics	1
heuristic	1
heterodox	1
hermetic	1
attic	1
vile	1
abrogate	1
remit	1
pervade	1
appurtenant	1
extralegal	1
exoedient	1
visio	1
amdocs	1
palpitations	1
decadent	1
mis	1
artificial	1
halcyon	1
grouse	1
gouge	1
gambol	1
denounce	1
fulminate	1
frieze	1
fracas	1
fetter	1
buyingiq	1
155x1	1
freed	1
trilogy	1
darker	1
excellence	1
iitb	1
dismiss	1
evince	1
evans	1
dubious	1
lube	1
looking	1
orb	1
forerunner	1
mens	1
wishing	1
pedometer	1
placate	1
biography	1
ludicrous	1
congeniality	1
impediment	1
kettering	1
prefers	1
1986	1
salsa	1
sauce	1
folder	1
argentina	1
cozen	1
magisto	1
foofaraw	1
captious	1
william	1
shakespeare	1
saves	1
abjure	1
barrow	1
metre	1
french	1
record	1
gshock	1
mcenroe	1
jijamata	1
merit	1
trac	1
identification	1
requirements	1
ivy	1
colleges	1
synthesize	1
360	1
qs	1
preview	1
sizable	1
blandishment	1
bawdy	1
taste	1
slams	1
aver	1
stringent	1
appropriate	1
apprise	1
heart	1
symbol	1
bliss	1
kids	1
wonderland	1
disgrace	1
gijon	1
mias	1
abysmal	1
porn	1
convivial	1
whole	1
claypot	1
411001	1
lounge	1
pume	1
vlookup	1
maxdb	1
objects	1
autowala	1
bw	1
bwq	1
dpmon	1
developing	1
processone	1
messaging	1
rails	1
imobile	1
mynta	1
gna	1
chr	1
primal	1
visceral	1
lakes	1
masochist	1
menial	1
semblance	1
boxing	1
spice	1
preclude	1
sufferance	1
ashen	1
zephyr	1
cad	1
ungallant	1
courtesan	1
taking	1
too	1
travelling	1
traveling	1
rsvp	1
sjsu	1
groundswell	1
lobbying	1
jstl	1
pto	1
imitation	1
jab	1
railway	1
agarkar	1
iridescent	1
enunciates	1
marionette	1
concupiscence	1
harvey	1
gabriel	1
macht	1
contravenes	1
raphaelite	1
advantages	1
decreases	1
sluggish	1
supermarket	1
phenomenon	1
dv	1
gokhale	1
statistics	1
gosf	1
stopwatch	1
gracenote	1
j1	1
silent	1
larger	1
collate	1
mann	1
cooper	1
rage	1
dialogue	1
culmulative	1
acrobat	1
rearrange	1
atonement	1
modules	1
mill	1
ctl	1
khash	1
lcc	1
drawn	1
enrolled	1
further	1
abreast	1
spm	1
cirrus	1
cirruscloud	1
ensures	1
offloading	1
intensive	1
parts	1
effervescent	1
evolution	1
mankind	1
manking	1
opportune	1
moment	1
execute	1
establish	1
widen	1
horizon	1
gastroenterology	1
skeletal	1
kinect	1
perception	1
neural	1
enkia	1
characters	1
solidify	1
count	1
endeavour	1
luis	1
pertinent	1
rohit	1
sharma	1
partaken	1
learnings	1
devised	1
metamorphosed	1
learnt	1
learned	1
vicarious	1
baccalaureate	1
calc	1
attend	1
kip	1
thorne	1
maters	1
average	1
vol	1
champage	1
magoosg	1
berkely	1
rahul	1
lalchandani	1
chandani	1
andani	1
stupid	1
ncsu	1
tamu	1
pennsylvania	1
schools	1
moorthy	1
nmims	1
capitulation	1
bentley	1
marquee	1
enraptured	1
raked	1
allure	1
unbidden	1
touche	1
sumptuous	1
sumputous	1
mezzanine	1
loins	1
periakka	1
terry	1
fairs	1
freshman	1
redeem	1
living	1
karun	1
chandhok	1
curriculum	1
affidavit	1
senior	1
leap	1
properties	1
gingham	1
oblivious	1
exasperated	1
derailing	1
flagrante	1
delicto	1
poor	1
vcf	1
pa	1
harrison	1
mscs	1
thigh	1
pain	1
mangalyaan	1
atlanta	1
ga	1
expeditious	1
baguette	1
azaleas	1
sv	1
diwali	1
hinjewadi	1
accenture	1
iibm	1
columns	1
levelup	1
axn	1
manned	1
yosemite	1
pincode	1
tomtom	1
gopher	1
stepford	1
campuses	1
asus	1
vivobook	1
v400ca	1
practiced	1
drivers	1
pbbi	1
pros	1
opsol	1
aci	1
twinstrata	1
panzura	1
sybase	1
infor	1
lawson	1
ciphercloud	1
pivotal	1
guidewire	1
realtech	1
protera	1
cac	1
capside	1
saic	1
netapp	1
hortonworks	1
citrix	1
wipro	1
unisys	1
pratikshetty	1
backtrack	1
passowrd	1
ellucian	1
iternity	1
csg	1
cliens	1
ravello	1
kharadi	1
bossmobi	1
hewitt	1
packard	1
offerings	1
cloudant	1
bluemix	1
partnership	1
portugal	1
bhoja	1
tiffin	1
5s	1
ujjwa	1
infibeam	1
bain	1
omniscient	1
ipod	1
comprehend	1
gross	1
payumoney	1
bavdhan	1
bhavdan	1
nitrate	1
shastrinagar	1
411006	1
police	1
411028	1
amazing	1
badinage	1
venue	1
nurture	1
swach	1
78kgs	1
algorithmic	1
trading	1
2019	1
brendon	1
mccullum	1
virat	1
taxation	1
releases	1
cpp	1
sr2	1
win32	1
x86	1
abstract	1
1100	1
1010	1
bh10	1
manorama	1
six	1
jai	1
nlp	1
ersatz	1
spencer	1
snow	1
maketing	1
thepiratebay	1
thepiratebay2	1
keys	1
needs	1
filetype	1
intitle	1
fortunecookie	1
tor	1
pink	1
gown	1
lehenga	1
lakme	1
zealand	1
polarizing	1
fmcg	1
horizons	1
predicate	1
discrepancy	1
discrepant	1
embellishing	1
doodlecreatives	1
ireland	1
starsports	1
rci	1
imcreator	1
pixabay	1
stacksocial	1
derek	1
yates	1
savedinstancestate	1
integers	1
shape	1
marker	1
markers	1
clothes	1
setcontentview	1
outermost	1
tag	1
reads	1
moneyball	1
roster	1
successfactors	1
convocation	1
formal	1
waylaid	1
waylai	1
msw	1
plants	1
uct	1
kalina	1
gumdrops	1
karaoke	1
carlos	1
slim	1
helu	1
instinct	1
missing	1
qml	1
qt	1
s6	1
archive	1
sewing	1
bane	1
confounded	1
misbegotten	1
foibles	1
prodigious	1
crescendo	1
harbinger	1
allerin	1
lets	1
align	1
twitch	1
fusedcow	1
yech	1
harried	1
herd	1
deficit	1
munitions	1
eclectic	1
arrear	1
cavort	1
panaya	1
riposte	1
ccld	1
moegis	1
crispy	1
agrocom	1
zygote	1
gaana	1
so	1
filthy	1
houses	1
cafes	1
solving	1
problems	1
subsumed	1
biotech	1
rolocule	1
portea	1
craft	1
keyman	1
winds	1
inopen	1
belita	1
thinklabs	1
instamojo	1
opentable	1
khanacademy	1
globussoft	1
bhilai	1
unfollow	1
walt	1
justunfollow	1
coupon	1
dunia	1
554060	1
892764	1
permits	1
comics	1
sweater	1
peak	1
mithi	1
cocbin	1
days	1
valentine	1
ramco	1
busi	1
kochi	1
taiwan	1
bigrock	1
whatis	1
pensive	1
bhel	1
gondola	1
tabs	1
notion	1
100000000	1
60	1
004	1
simone	1
marcarino	1
uis	1
sears	1
started	1
memoirs	1
boxmyspace	1
customer360	1
phonegap	1
nextgen	1
techno	1
ventures	1
room	1
killed	1
revenue	1
purifier	1
5gbfree	1
udemy	1
andrei	1
ismail	1
sonus	1
client	1
billboard	1
monitor	1
jcehgpdgqwewlgumjogrqhwacedqsh2jruwmtqaav5murdbgltpeea3o0v0zbtl8oqs	1
h4	1
xewtar1c79vbg7zugg0yvcpc57edmsxedkslsrw8kuhhvpj1dqzwdpq43	1
eqhfsbjzfjovka8vhqrcq	1
rourzayg3k3jmezoj7n2tv6ul1vntjeic	1
u7wv	1
tpzy	1
ndhxiky9bxqowrb0vgldeq	1
bon	1
voyage	1
consumers	1
ramesh	1
ramanathan	1
mum	1
onno	1
ruhl	1
hyderabad	1
obama	1
giants	1
ingenue	1
jour	1
bee	1
choo	1
herbal	1
hair	1
treatment	1
logout	1
everywhere	1
supplanting	1
importing	1
gradle	1
debugging	1
dexopt	1
place	1
sc	1
m380	1
virtualization	1
hax	1
runs	1
emulation	1
choose	1
instead	1
usable	1
unknown	1
skin	1
tab	1
roy	1
jar	1
seems	1
classpath	1
ensure	1
rather	1
kayani	1
coyage	1
camp	1
rg	1
kouachi	1
gerund	1
goodnight	1
ola	1
cabs	1
shashwat	1
cmvr	1
puc	1
ugly	1
foodpanda	1
hovel	1
svelte	1
luxo	1
barge	1
extrapolate	1
louisiana	1
purchase	1
proust	1
trapeze	1
meritocracy	1
psychology	1
bludgeon	1
puckish	1
gloss	1
onclicklistener	1
variables	1
checklist	1
manifesto	1
crusade	1
rhapsodized	1
manual	1
prostheses	1
spindly	1
roughshod	1
promiscuously	1
urticaria	1
hives	1
fulminating	1
profundity	1
hardscrabble	1
spavined	1
guidoo	1
guido	1
mohammed	1
mohammad	1
kalbadevi	1
hematologists	1
hepatologists	1
convene	1
intravenously	1
remission	1
arborist	1
accoutrements	1
serenade	1
delicate	1
stonewalling	1
bravura	1
recused	1
eviscerate	1
linkway	1
lucky	1
vinod	1
sanghi	1
400062	1
byzantine	1
chutney	1
mashable	1
worldquant	1
debilitating	1
salves	1
rmi	1
remoteobject	1
saturnine	1
shoals	1
anthologies	1
metastases	1
obstinacy	1
crude	1
aegis	1
admitted	1
profiles	1
fact	1
caspio	1
partnerships	1
visits	1
fiu	1
siu	1
nexgear	1
gridants	1
assimilation	1
foisted	1
omaha	1
purported	1
naught	1
wry	1
beguiling	1
uppercase	1
whar	1
recalcitrant	1
doesn	1
indictment	1
fathom	1
gestapo	1
litany	1
favorite	1
reed	1
onto	1
incredulous	1
tasseled	1
commandeered	1
pored	1
sweating	1
cannery	1
cello	1
moored	1
lntinfotech	1
corralling	1
cinemas	1
worsening	1
turnkey	1
biweekly	1
chasm	1
msips	1
ce	1
sistance	1
duress	1
staid	1
pall	1
colonnade	1
bedeviling	1
socks	1
consecrated	1
altar	1
carping	1
impresario	1
wrought	1
brusquely	1
insolvent	1
repatriate	1
110021	1
878566	1
vetoed	1
quo	1
peroration	1
fingers	1
frisson	1
meg	1
whitman	1
balked	1
reprice	1
hemorrhaging	1
180	1
euros	1
rupees	1
lugubriously	1
peeves	1
stupor	1
raucous	1
tranquillity	1
hacks	1
whine	1
irrepressible	1
deadpanned	1
gab	1
effacing	1
monica	1
lewinsky	1
muir	1
namath	1
roughhousing	1
enchanted	1
solarium	1
neurotic	1
unedifying	1
raffle	1
usher	1
interloper	1
cleaved	1
seine	1
neuroses	1
otherworldly	1
lithe	1
pine	1
quinoa	1
puntarella	1
peregrination	1
throes	1
foundered	1
mercenary	1
severance	1
televangelist	1
hole	1
baptist	1
dint	1
railing	1
idiocies	1
perfidies	1
hemorrhage	1
atm	1
withdrawal	1
jujitsu	1
chastened	1
suit	1
gravitas	1
curmudgeon	1
messiah	1
iceland	1
proffered	1
panegyrics	1
highbar	1
friedrich	1
stoked	1
proviso	1
forlornly	1
afflicted	1
impenetrable	1
gumption	1
affront	1
pining	1
deference	1
gixxer	1
montage	1
fulsome	1
luau	1
callousness	1
lapidary	1
epochal	1
proprietor	1
conjurer	1
gauze	1
demurring	1
conceit	1
expounded	1
poseur	1
adjudicating	1
janitorial	1
renegades	1
buccaneer	1
renegade	1
commandeer	1
abbylapensive	1
facebbok	1
plain	1
assemblage	1
athwart	1
aforethought	1
elisa	1
lam	1
panoply	1
esprit	1
corps	1
repudiated	1
acolytes	1
whimsical	1
wretches	1
diaghilev	1
pirouette	1
strictures	1
comport	1
indomitable	1
narcolepsy	1
condor	1
proclivity	1
schizophrenia	1
clemency	1
tenuous	1
manifestos	1
satiny	1
shaker	1
oversubscribed	1
annals	1
dispositive	1
proselytizer	1
regent	1
gussying	1
imputing	1
marxist	1
ledger	1
savant	1
bravado	1
adjudicate	1
disseminated	1
mutilate	1
spindle	1
orwellian	1
quasi	1
acharya	1
swapnali	1
shortchanged	1
interlude	1
precepts	1
epidemiologist	1
bulimic	1
purge	1
redolent	1
residence	1
thyssenkrupp	1
auschwitz	1
charlatan	1
drop	1
acid	1
angst	1
shaman	1
phreakers	1
pretzel	1
bootlegs	1
wiry	1
warrens	1
cavernous	1
ingratiating	1
bristly	1
bristliness	1
transgressions	1
photovoltaics	1
appendages	1
pugnacious	1
sett	1
goswami	1
idyllic	1
festooned	1
mynt	1
rashomon	1
effect	1
petulant	1
netcracker	1
squad	1
transasia	1
arbitrage	1
gartner	1
bacon	1
nandan	1
youthconnect	1
psilocybin	1
coercion	1
nepal	1
sublime	1
forces	1
may	1
139	1
upper	1
govind	1
174819	1
853168	1
wolf	1
matters	1
btdigg	1
smartband	1
markdown	1
3d0d99a3a2a7459994ccc3d8dde9d68d	1
mandrillapp	1
receive	1
payment	1
skeuomorphic	1
aasaanjobs	1
navinder	1
sarao	1
digitalocean	1
latex	1
features	1
prose	1
eater	1
dagdusheth	1
cf	1
unlock	1
bootloader	1
g1st	1
chainfire	1
brick	1
quiz	1
armoire	1
sacrament	1
prasad	1
gupshup	1
aig	1
ergonomics	1
riddle	1
factorial	1
thought	1
iteration	1
omscs	1
collaborative	1
freelance	1
mynoticeperiod	1
huge	1
repurposing	1
shrink	1
kinaxis	1
houston	1
decimals	1
boobna	1
booobna	1
emailid	1
codeforces	1
crowdfire	1
pdt	1
hil	1
biginteger	1
valueof	1
resolved	1
zycus	1
uva	1
judge	1
investor	1
warren	1
buffet	1
typring	1
nitie	1
avg	1
universitites	1
late	1
sean	1
abbot	1
meerkat	1
sdsu	1
cgpa	1
locon	1
painters	1
usconnect	1
partake	1
nus	1
deny	1
hunters	1
713457	1
647161	1
skillshare	1
cout	1
netbeans	1
mingw	1
un	1
council	1
members	1
teetotaller	1
economist	1
sideload	1
parlance	1
domestic	1
provenance	1
excite	1
yelp	1
strap	1
hubtown	1
solaris	1
prof	1
phadke	1
vijay	1
acer	1
x553m	1
hanging	1
rhapsodize	1
clairvoyance	1
period	1
ke	1
dhage	1
psychoanalysis	1
freidrich	1
documentary	1
idv	1
barrel	1
sandwich	1
kelly	1
rajdeep	1
sardesai	1
norman	1
3b	1
telecom	1
techcrunch	1
lupin	1
capsules	1
dissemination	1
travesty	1
scale	1
philistines	1
donor	1
evoque	1
eponymous	1
rhapsodic	1
wozniak	1
mozniac	1
comeuppance	1
tvf	1
pitchers	1
disabused	1
sorry	1
alarms	1
behind	1
woman	1
menstruation	1
toll	1
sciences	1
contentious	1
integrate	1
frameworks	1
article	1
articles	1
recycle	1
love	1
concerted	1
djangohandbook	1
samsonite	1
extra	1
spock	1
afterword	1
addendum	1
delaware	1
tianan	1
michhami	1
dukkadam	1
bse	1
bigotry	1
machismo	1
vruddhi	1
husain	1
eternity	1
cannier	1
patrice	1
evra	1
extricate	1
insouciance	1
defibrillate	1
auteur	1
prius	1
skytran	1
kwid	1
pneumonia	1
anecdotal	1
avon	1
coupons	1
obstetrics	1
pritesh	1
gupta	1
zipgo	1
reessy	1
tieto	1
downloader	1
bond	1
coronaries	1
sewri	1
vitriol	1
redshift	1
fbstart	1
past	1
tomatina	1
festival	1
jettison	1
coiffure	1
punkish	1
fratricide	1
incipient	1
forestall	1
lark	1
81f	1
gubernatorial	1
radical	1
backhoe	1
nostradamus	1
markets	1
hasn	1
left	1
expected	1
but	1
constituents	1
spelunking	1
hydroponic	1
liberated	1
profundities	1
rainforest	1
chocolate	1
ride	1
gathering	1
modus	1
operandi	1
petered	1
chafing	1
rite	1
itr	1
missive	1
idiosyncrasies	1
solicitation	1
flier	1
foregone	1
hewing	1
022	1
39682424	1
operahenance	1
babel	1
ccd	1
goaded	1
netweaver	1
addressing	1
guidelines	1
come	1
postcode	1
ird	1
palatable	1
levity	1
snafus	1
vindicated	1
tags	1
alexa	1
bowdlerize	1
instated	1
ipo	1
conglomerate	1
instrumentation	1
due	1
lang	1
nullpointerexception	1
hal	1
varian	1
mainactivity	1
isorderedbroadcast	1
registartion	1
braodcast	1
res	1
display	1
toast	1
message	1
moonshot	1
zeitgesit	1
materials	1
fit	1
culture	1
beyond	1
diamond	1
disabuse	1
encomium	1
185	1
kalidas	1
staff	1
400080	1
facetiously	1
du	1
bist	1
eine	1
frau	1
aardvark	1
wojcicki	1
sawhorses	1
bitcoins	1
anna	1
karenina	1
smallest	1
colin	1
census	1
soldier	1
mirchi	1
mime	1
mile	1
tms	1
vrl	1
roadrunnr	1
uship	1
physicists	1
phalanx	1
shtetl	1
talentpad	1
shashi	1
kiran	1
allcargo	1
kits	1
sentient	1
coddled	1
verboten	1
vi	1
oyo	1
rooms	1
subclass	1
updating	1
profanity	1
sully	1
fealty	1
bottom	1
moat	1
cagiest	1
till	1
etsy	1
contrived	1
siddhant	1
puma	1
alison	1
aliason	1
hubspot	1
oltp	1
highcharts	1
laggards	1
browntape	1
ecommerce	1
linkkedin	1
turing	1
debadutta	1
upadhyaya	1
homemade	1
esop	1
galvanize	1
else	1
condition	1
extract	1
datatypes	1
dicitonary	1
raw	1
rough	1
coveers	1
salar	1
kamangar	1
saw	1
lastest	1
tracxn	1
shopclues	1
sundries	1
crime	1
theranos	1
sebi	1
overture	1
pans	1
lascaux	1
brooklyn	1
chaos	1
evonence	1
ziffi	1
webxpress	1
saverz	1
todoitem	1
ptotem	1
virtuous	1
setresult	1
onactivityresult	1
editview	1
deafault	1
edittext	1
getlistview	1
todo	1
clipart	1
monochrome	1
stunning	1
progress	1
binghamton	1
clothing	1
voxpop	1
shoes	1
lacrosse	1
welshing	1
mammon	1
dossier	1
griped	1
npr	1
messianic	1
primed	1
supplicants	1
rhapsodically	1
proprietary	1
gargantuan	1
sculley	1
bajiroa	1
conveyance	1
dovetailed	1
gleans	1
rmsi	1
dual	1
persisting	1
configurations	1
destroyed	1
restoring	1
panes	1
deadpool	1
comic	1
con	1
savefragmentinstancestate	1
lab	1
setretaininstance	1
retain	1
incarcerated	1
control	1
repository	1
firebase	1
retaining	1
onretainnonconfigurationinstance	1
wta	1
wtapp	1
manage	1
replace	1
bigrams	1
apparition	1
doppelg	1
nger	1
knottier	1
corpuses	1
czar	1
conduit	1
jonesing	1
getsupportfragmentmanager	1
vault	1
multifaceted	1
clubs	1
nesteoil	1
1080p	1
stryker	1
duniya	1
harris	1
rf	1
communications	1
raytheon	1
cse	1
viren	1
mistry	1
adb	1
another	1
handle	1
intents	1
enforce	1
minutiae	1
hous	1
eglsurfaceattrib	1
implemented	1
fundamine	1
cross	1
dangerous	1
varchasva	1
moroccan	1
ounces	1
fallopian	1
fassbender	1
daffy	1
sharding	1
were	1
schemed	1
url	1
ocpjp	1
yahoo	1
googolplex	1
bing	1
copa	1
heat	1
exchanger	1
myfitnesspal	1
creek	1
perpetuating	1
sui	1
generis	1
antivirus	1
rhapsodizing	1
breakpoint	1
debugger	1
retreive	1
kudzu	1
surmised	1
mitzvah	1
practices	1
attach	1
siege	1
kent	1
progenitors	1
meduim	1
o3b	1
ghul	1
epayment	1
cookies	1
getting	1
timesavez	1
waxing	1
cleaning	1
thesaurs	1
rrb	1
earthquake	1
mohandas	1
pai	1
scour	1
mask	1
maxus	1
marcus	1
lifecycle	1
patel	1
funschool	1
ships	1
saber	1
gifts	1
christmas	1
einstein	1
jj	1
abrams	1
loath	1
vigor	1
gymrat	1
checkers	1
grabhouse	1
theberge	1
simulcast	1
crimson	1
tamasha	1
zica	1
sanofi	1
ongo	1
139996	1
859216	1
growing	1
indra	1
nooyi	1
fastest	1
openai	1
suzuki	1
yba	1
modular	1
theatre	1
gooogle	1
servee	1
acquitted	1
intuit	1
autumn	1
thing	1
lckheed	1
comparable	1
differentiator	1
collections	1
gipsy	1
directions	1
146223	1
855994	1
rutgers	1
lay	1
offs	1
northern	1
karr	1
exotel	1
ithaca	1
noah	1
bitte	1
wired	1
jeff	1
salt	1
hackers	1
zombies	1
tense	1
souled	1
midi	1
calibre	1
arkansas	1
wire	1
swift	1
adele	1
resorts	1
famous	1
tables	1
hedy	1
lamarr	1
purveyors	1
adolphe	1
sax	1
dribble	1
knowledge	1
hub	1
pahadi	1
srl	1
diagnostics	1
hari	1
bhakti	1
plot	1
borders	1
bookseller	1
slidertab	1
slider	1
edict	1
bettany	1
mumm	1
techtalisman	1
talisman	1
excoriated	1
boole	1
toolkit	1
zepper	1
yad	1
vashem	1
vedant	1
shayes	1
astro	1
teller	1
turnover	1
bratie	1
poisar	1
139401	1
860668	1
collective	1
tampons	1
edinburgh	1
echelons	1
dispose	1
darth	1
vader	1
invectus	1
maneo	1
noida	1
edward	1
tufte	1
etihad	1
ambassador	1
wolfinger	1
bioeletricity	1
amortization	1
ebitda	1
parcel	1
republicans	1
democrats	1
chi	1
minh	1
mao	1
zedong	1
gnomes	1
whittling	1
drivel	1
uruwashii	1
facade	1
mugaritz	1
fixy	1
ur	1
oksir	1
okaysir	1
zigy	1
ziggy	1
coins	1
walkman	1
itunes	1
recover	1
estimable	1
comported	1
grouchos	1
129389	1
884543	1
vertiginous	1
kanban	1
agnostic	1
atheist	1
sacked	1
redmond	1
knaves	1
angular	1
blinking	1
charging	1
ecoreco	1
centers	1
spoilt	1
quickr	1
alfa	1
irla	1
cern	1
bye	1
cardigan	1
g50	1
voucher	1
lavlesh	1
1412	1
varde	1
jaipur	1
ganesh	1
chaturthi	1
rbl	1
greatest	1
superhero	1
mainland	1
reclaim	1
bms	1
tickets	1
shaz	1
khanna	1
gr	1
grofers	1
ezone	1
lion	1
feeds	1
ve	1
ivory	1
allegri	1
gog	1
183256549	1
8359198943	1
motorcycle	1
diaries	1
593969	1
793898	1
treats	1
msqrd	1
said	1
going	1
bed	1
rabbi	1
literally	1
turned	1
oy	1
gamification	1
qualtrics	1
theek	1
kar	1
gmo	1
murthal	1
sprightly	1
volkswagen	1
ameo	1
anil	1
befikre	1
punit	1
soni	1
exhibition	1
ghetto	1
only	1
packet	1
chromium	1
siri	1
pull	1
nothing	1
babbage	1
40	1
5k	1
lava	1
richey	1
fl	1
idiffy	1
carbon	1
footprint	1
zouma	1
zuma	1
dmitri	1
mendeleev	1
bbt	1
vintage	1
firm	1
sms	1
positive	1
et	1
etc	1
saarthi	1
foram	1
damani	1
yann	1
lecun	1
transcripts	1
fornicate	1
jd	1
roadside	1
kii	1
stafford	1
bawler	1
obfusc	1
amateur	1
cartography	1
monument	1
soundtrack	1
rebuttal	1
wiki	1
wheeler	1
endorses	1
174238	1
844623	1
sher	1
gil	1
175073	1
853246	1
bcg	1
trnql	1
coverfox	1
mapfre	1
easy	1
meat	1
sharad	1
pawar	1
au	1
parfum	1
vaporisateur	1
02	1
thanks	1
lot	1
hear	1
rumble	1
dharma	1
productions	1
produced	1
baahubali	1
laundry	1
vls	1
khodadad	1
hindu	1
400021	1
090810	1
907680	1
tatasky	1
godjdbs	1
andrews	1
061039	1
826967	1
abner	1
dsouza	1
pallette	1
console	1
reid	1
hoffman	1
registered	1
honors	1
lyft	1
router	1
pursue	1
oriented	1
helpage	1
percept	1
major	1
mouth	1
scream	1
probability	1
units	1
subject	1
grading	1
fisker	1
cartisan	1
enroll	1
perrault	1
pratikshetty13	1
tango	1
mobcast	1
dancing	1
krissh	1
above	1
mentioned	1
emeritus	1
adjunct	1
athieva	1
atheiva	1
electric	1
hsieh	1
zappos	1
backchannel	1
hippily	1
institution	1
basecamp	1
accelerator	1
mills	1
chad	1
ces	1
branches	1
portfolio	1
confidential	1
peshwa	1
139686	1
860100	1
cron	1
helpshift	1
fablic	1
samaritan	1
audra	1
morrice	1
judges	1
landline	1
marshmellow	1
istanbul	1
during	1
20000	1
burman	1
emirates	1
racshith	1
rakshith	1
damatics	1
parthenon	1
brexit	1
ofc	1
shahrukh	1
encumbered	1
studentuniverse	1
employee	1
840	1
platis	1
gialos	1
kabali	1
belgrade	1
poison	1
dior	1
men	1
icecream	1
avli	1
rethimno	1
attica	1
savvas	1
gods	1
athen	1
ermou	1
zara	1
muhammad	1
85201	1
takes	1
iata	1
acropolis	1
inexorably	1
shooting	1
submit	1
jntata	1
rege	1
officer	1
spouse	1
soli	1
vanmoov	1
baldini	1
simeone	1
ds	1
leverage	1
facilitate	1
buses	1
chinchwad	1
busesmumbai	1
deductions	1
80c	1
endowment	1
zopflipng	1
consultants	1
mamta	1
planning	1
meant	1
eat	1
hapt	1
alert	1
burnout	1
nutella	1
cli	1
prudent	1
jenkins	1
tittered	1
nacho	1
zoma	1
foods	1
symmetric	1
asymmetric	1
repertoire	1
infinera	1
360deg	1
dotkom	1
react	1
join	1
remedy	1
heath	1
boil	1
early	1
darpa	1
schengen	1
3rd	1
vfs	1
sigmund	1
freud	1
push	1
oem	1
miranda	1
prabhu	1
mackbook	1
soluble	1
substance	1
freezing	1
8deg	1
raising	1
dew	1
adiabatic	1
refrigerator	1
electron	1
nature	1
experiment	1
cri	1
spli	1
cbre	1
kdnuggets	1
freshmen	1
hellodhobi	1
tuscany	1
banayan	1
cartridge	1
owner	1
ppi	1
customised	1
latur	1
cricketer	1
shaharpur	1
shahar	1
fan	1
guard	1
glitter	1
hourglass	1
lago	1
braies	1
tensorflow	1
remix	1
pla	1
upgrad	1
layout	1
params	1
159396	1
857538	1
limo	1
tweet	1
kollam	1
accident	1
neer	1
ferguson	1
wins	1
arsene	1
wenger	1
dadra	1
haveli	1
diu	1
exhortations	1
shakespeak	1
swiftkey	1
shake	1
wsl	1
panama	1
fedex	1
182890	1
839890	1
plai	1
gsv	1
condenser	1
tcognition	1
schneiderlein	1
wallparers	1
missouri	1
arturo	1
vittori	1
experiments	1
oscar	1
nominations	1
clasico	1
jaaz	1
soundcloud	1
bow	1
arrow	1
tilt	1
transcribed	1
kai	1
zheng	1
attacked	1
hegelian	1
wrestler	1
bronze	1
aerserve	1
symplicity	1
condemned	1
tuesdays	1
extrapolated	1
preposterous	1
desideratum	1
symptomatic	1
myopic	1
disquisition	1
abdicate	1
clockwork	1
galavanting	1
homeostatic	1
mechanisms	1
guide	1
deliberative	1
postulate	1
enumerating	1
apportion	1
bkack	1
minkoff	1
concomitant	1
bae	1
webreg	1
netid	1
ucinetid	1
moulton	1
ridge	1
mickelson	1
52kg	1
78kg	1
58	1
written	1
samples	1
tolkien	1
andrew	1
wiles	1
fermat	1
theorem	1
vetted	1
pst	1
mushroom	1
nb	1
audi	1
r8	1
mustang	1
cfl	1
parkway	1
14400	1
92604	1
zot	1
mainstays	1
desk	1
sangak	1
goran	1
matijasevic	1
vyom	1
maytag	1
pharmacy	1
oc	1
onam	1
savings	1
dialling	1
kaczynski	1
knott	1
berry	1
aquarium	1
splitwise	1
643604	1
851661	1
80	1
signal	1
ulton	1
sheet	1
ubercab	1
eats	1
referrer	1
mat	1
3d6636edd793b5cea86762e972d3078543	1
20160910	1
7336	1
vhs	1
telematics	1
thrift	1
xps	1
6503	1
92603	1
ba	1
283	1
paralympics	1
irvone	1
teacher	1
ssh	1
toscana	1
walk	1
therapy	1
neuron	1
disease	1
voltage	1
converter	1
bucket	1
phillips	1
containerx	1
temple	1
orissa	1
healthwise	1
boise	1
foglogic	1
accel	1
wayup	1
tourist	1
beebom	1
miami	1
hang	1
hull	1
furious	1
franchise	1
kyc	1
futureair	1
triton	1
credentials	1
intlstudentcover	1
krishna	1
ashtami	1
approved	1
picostone	1
interviews	1
alexander	1
viruses	1
canadian	1
obliged	1
olive	1
sutra	1
apartmentadda	1
gluing	1
artzolo	1
rmit	1
southampton	1
shobha	1
80174199999999	1
ld	1
ruparel	1
malabar	1
801742	1
vinesh	1
easymeat	1
cherry	1
blossom	1
hardeep	1
sedition	1
types	1
padmavati	1
miraben	1
jallianwala	1
bagh	1
mehbooba	1
mufti	1
dipa	1
associatiation	1
pass	1
sex	1
68	1
shoppers	1
tik	1
tok	1
adnan	1
januzaj	1
wedding	1
gymnast	1
wallame	1
wallowme	1
naysayer	1
ventriloquist	1
trilobites	1
family	1
dialer	1
zlatan	1
henrikh	1
mkhitaryan	1
henrik	1
mkhitara	1
im	1
eco	1
franking	1
titanic	1
located	1
cxo	1
bavani	1
pmo	1
official	1
korea	1
muller	1
nursing	1
bypass	1
xilinx	1
automatic	1
paramedic	1
108	1
microbiology	1
secret	1
fly	1
revenant	1
orion	1
magnum	1
chinnaswamy	1
shivaji	1
bengaluru	1
560001	1
gst	1
olympics	1
nishikant	1
kamat	1
payt	1
143059	1
855208	1
saarc	1
sg	1
479	1
vikhroli	1
matoshree	1
kranti	1
400093	1
carwale	1
simulator	1
munshi	1
premchand	1
personal	1
mba	1
transmogrified	1
loan	1
prabhakar	1
chitale	1
galatasaray	1
tate	1
jamnalal	1
bajaj	1
lin	1
linear	1
centimeters	1
pricing	1
deals	1
african	1
diseases	1
borussia	1
papster	1
trivikram	1
kasivajhula	1
repair	1
bourgeoisie	1
proletariat	1
freelancer	1
copper	1
chimney	1
400018	1
oozoo	1
nehru	1
planetarium	1
kasam	1
geleki	1
reclamation	1
nityanand	1
nice	1
saved	1
passwords	1
sethi	1
enough	1
driftwood	1
remember	1
mohenjo	1
daro	1
kaabil	1
teaser	1
freelacer	1
052402999999998	1
400017	1
052403	1
052729	1
847582	1
sagarvikmani	1
greeting	1
hellboy	1
assistantships	1
monroe	1
xuv	1
ras	1
debris	1
copier	1
soares	1
microdata	1
cubesat	1
standard	1
uniform	1
justice	1
ucmj	1
bai	1
ratanbai	1
seth	1
jehangir	1
pardiwala	1
charity	1
atur	1
manekji	1
shirinbai	1
neterwala	1
petroleum	1
association	1
lore	1
inlaks	1
aga	1
commonwealth	1
socirty	1
erasmus	1
leaders	1
ilep	1
astrolabes	1
wales	1
lh	1
querrey	1
adeo	1
ressi	1
eve	1
garam	1
trader	1
salons	1
4513	1
variant	1
advancing	1
rockefeller	1
debauchery	1
transvestites	1
barnum	1
howard	1
hughes	1
taimur	1
lamb	1
macintosh	1
chemist	1
capsicum	1
fried	1
i2rt	1
dangal	1
sultan	1
mahavir	1
nelson	1
semedo	1
nitesh	1
tiwari	1
manipulation	1
rightmost	1
dente	1
mushrooms	1
happen	1
sandals	1
operator	1
ferns	1
petals	1
netflix	1
lost	1
outside	1
sort5	1
lionel	1
sam	1
allardyce	1
upto	1
msft	1
say	1
sequence	1
stage	1
varun	1
scorers	1
trafford	1
tin	1
53	1
chevron	1
3190	1
blvd	1
gas	1
stations	1
base	1
oceanside	1
flour	1
healthy	1
pokez	1
947	1
downtown	1
uss	1
midway	1
910	1
aircr	1
99	1
ranch	1
forever	1
blaze	1
baja	1
sharkeez	1
114	1
mc	1
fadden	1
pl	1
92663	1
subway	1
pointe	1
901	1
d190	1
weniger	1
aber	1
besser	1
ied	1
94128	1
terminal	1
saratoga	1
southw	1
crowdstrike	1
recology	1
890	1
taraval	1
94116	1
catch	1
19th	1
ness	1
far	1
grant	1
mulgrew	1
chinatown	1
sunset	1
1305	1
18th	1
1231	1
mom	1
spaghetti	1
meme	1
thislifeintrips	1
smitten	1
432	1
1a	1
hawa	1
mein	1
ek	1
nasha	1
burry	1
hayes	1
685	1
44	1
94103	1
1028	1
535	1
civic	1
detour	1
muni	1
unified	1
district	1
94111	1
150	1
amber	1
dhara	1
rascals	1
korean	1
genz	1
itinerary	1
judy	1
gary	1
olson	1
siftly	1
farsi	1
remedies	1
reasons	1
mrv	1
mr	1
giannandrea	1
aamir	1
pippin	1
abhishek	1
kharagpur	1
indore	1
patna	1
frankie	1
scrambled	1
jeera	1
microphone	1
anvil	1
makin	1
frederick	1
banting	1
knox	1
loomis	1
chris	1
christie	1
operational	1
repudiation	1
secu	1
mea	1
culpa	1
hillary	1
clinton	1
schro	1
locker	1
chan	1
rukh	1
mastermind	1
walter	1
cronkite	1
journalist	1
reflection	1
angel	1
maria	1
ludogorets	1
applab	1
qualification	1
irc	1
lync	1
aperitif	1
lucene	1
hexadecimal	1
decimal	1
recursive	1
dreamland	1
aadl	1
guppies	1
rule	1
optional	1
practical	1
sal	1
clipper	1
antoni	1
leeuwenhoek	1
hampi	1
warner	1
paraplegic	1
zetabyte	1
gigabyte	1
procore	1
incipio	1
jazel	1
ensembles	1
median	1
powerful	1
contingent	1
bomb	1
cha	1
jeffrey	1
critical	1
yet	1
unanswered	1
kissinger	1
ramo	1
expatriate	1
expat	1
splunk	1
bound	1
annie	1
piper	1
chiang	1
mai	1
ronnie	1
screwvala	1
hey	1
soul	1
viva	1
vida	1
sutta	1
barfi	1
yours	1
jason	1
mraz	1
seely	1
popups	1
pruning	1
arcgis	1
arc	1
gis	1
panasonic	1
avionics	1
mapr	1
kronos	1
kofax	1
karem	1
aircraft	1
jethead	1
instamed	1
evidence	1
blizzard	1
entertainment	1
ambrygen	1
tryfbs	1
pepper	1
fracking	1
natasha	1
prediction	1
melettes	1
hobbes	1
leviathan	1
parseint	1
exception	1
comma	1
inputs	1
intellij	1
redmiles	1
minimum	1
iterative	1
deepening	1
uneven	1
jug	1
polynomial	1
discretion	1
concomitantly	1
posterity	1
dime	1
elucidate	1
enunciation	1
geoffrey	1
bowker	1
cashier	1
perm	1
dryer	1
paste	1
telephony	1
espn	1
undo	1
husband	1
spark	1
seminal	1
resolution	1
mvp	1
patterns	1
stack	1
mapreduce	1
646055	1
844257	1
bc	1
cavern	1
russel	1
norvig	1
empiricism	1
foci	1
tuesday	1
abominable	1
mcdonald	1
84	1
abetted	1
competitor	1
flanges	1
indoctrinating	1
indoctrination	1
accretion	1
cilantro	1
she	1
folklore	1
hing	1
swansea	1
wash	1
sheets	1
expenses	1
talk	1
continuous	1
6529	1
cir	1
mooc	1
embedded	1
flatiron	1
mixed	1
inspiring	1
012nzjgm	1
qualifiers	1
bear	1
goog	1
dollars	1
equinox	1
snapdeal	1
user	1
eyed	1
peas	1
leverkusen	1
semifinals	1
quarterfinals	1
words	1
nexar	1
jeer	1
quantiphi	1
lincoln	1
codejam	1
kaggle	1
wittner	1
kyrgios	1
annenberg	1
auditorium	1
pasadena	1
91125	1
jurgen	1
caltech	1
lopes	1
classes	1
largest	1
permutation	1
148	1
quickpay	1
claudio	1
ranieri	1
sridharan	1
sriram	1
lima	1
exoplanet	1
discovery	1
existential	1
principles	1
thinking	1
kauwa	1
arjen	1
robben	1
gomez	1
marco	1
reus	1
aubameyang	1
vr	1
burnley	1
sanjeev	1
watford	1
bendakaya	1
pulusu	1
lstm	1
middle	1
655	1
yale	1
92614	1
bannon	1
overall	1
tanner	1
canv	1
languages	1
five	1
pindi	1
chole	1
tintri	1
wigan	1
roti	1
cvs	1
isaac	1
asimov	1
exsilio	1
truecar	1
enow	1
corelogic	1
bessie	1
coleman	1
roberts	1
activist	1
potato	1
conjoint	1
matching	1
lexicon	1
raison	1
tre	1
universit	1
hohenheim	1
cronyism	1
burning	1
obliterated	1
soiree	1
styles	1
luther	1
jr	1
contortionist	1
spinach	1
three	1
parentheses	1
ethnographic	1
incumbents	1
arpeggios	1
1957	1
orwell	1
bouffant	1
umbrage	1
cribbed	1
swiss	1
staccato	1
appdynamics	1
courted	1
talulah	1
riley	1
contemporaries	1
bre	1
bournemouth	1
ar	1
aol	1
quonset	1
disenchanted	1
asinine	1
middles	1
brought	1
iterator	1
oregan	1
fresh	1
really	1
expire	1
shelf	1
despacito	1
ascii	1
unicode	1
rubio	1
coastal	1
oskar	1
fischinger	1
fabinho	1
registrar	1
websoc	1
palindrome	1
anteater	1
pak	1
ibrahim	1
victory	1
bhath	1
608161	1
928901	1
gr8people	1
ounce	1
dscp	1
iperf	1
paneer	1
makhani	1
required	1
demand	1
right	1
wwdc	1
brief	1
mythical	1
month	1
mickey	1
arthur	1
bhajans	1
motivational	1
alan	1
rosling	1
managers	1
four	1
seasons	1
josephine	1
risc	1
machines	1
climate	1
saunf	1
chopra	1
gavthi	1
athletic	1
bilbao	1
decimated	1
months	1
pause	1
any	1
motion	1
summit	1
give	1
should	1
flies	1
trophy	1
incontrovertible	1
tandoori	1
rev	1
revmax	1
churros	1
kane	1
dji	1
crowd	1
valued	1
pramp	1
natraj	1
bistro	1
22205	1
paseo	1
rancho	1
margarita	1
92688	1
boba	1
prime	1
bachata	1
taskrabbit	1
wanda	1
metropolitano	1
teachers	1
qure	1
sanjay	1
dutt	1
elaichi	1
kadai	1
europa	1
rabbitmq	1
amqp	1
jms	1
mbrdna	1
asthma	1
gautam	1
gambhir	1
transient	1
reifying	1
velar	1
expediency	1
ren	1
gems	1
harel	1
xumo	1
spanner	1
olo	1
idempotent	1
extant	1
sdn	1
oven	1
spicy	1
keeper	1
benfica	1
lindelof	1
trophies	1
emotional	1
contagion	1
syphilis	1
kogentix	1
transfers	1
scored	1
329gh	1
zk20vm8	1
mt	1
hector	1
molina	1
achari	1
11c3ypm39d	1
4255	1
a100	1
grammarly	1
sift	1
takeout	1
sound	1
duck	1
kasuri	1
methi	1
newsstand	1
v3	1
ach	1
routing	1
instagram	1
evacuation	1
important	1
1958	1
about	1
fourth	1
pawan	1
championship	1
donald	1
bren	1
mix	1
ederson	1
moraes	1
